"","term","ASV","mean","support","supportNeg","signif","sign","CS1","kingdom","phylum","class","order","family","genus","species","model"
"1","(Intercept)","ASV_20",-3.25426675611419,5e-04,0.9995,TRUE,"negative","  4.47124758","k__Fungi","p__Ascomycota","c__Dothideomycetes","o__Pleosporales",NA,NA,NA,"Abundance"
"2","(Intercept)","ASV_2",-2.51571213764177,0.00525,0.99475,TRUE,"negative","  5.38297741","k__Fungi","p__Ascomycota","c__Sordariomycetes","o__Xylariales","f__Microdochiaceae","g__Microdochium","s__seminicola","Abundance"
"3","(Intercept)","ASV_22",-2.46624992294465,0.01075,0.98925,TRUE,"negative","  4.60187019","k__Fungi","p__Ascomycota","c__Dothideomycetes","o__Pleosporales","f__Phaeosphaeriaceae",NA,NA,"Abundance"
"4","(Intercept)","ASV_856",3.19336020966096,0.96575,0.03425,TRUE,"positive"," -2.13528342","k__Fungi","p__Basidiomycota","c__Exobasidiomycetes","o__Exobasidiales","f__Brachybasidiaceae","g__Meira","s__argovae","Abundance"
"5","(Intercept)","ASV_115",3.33752736160833,0.9915,0.0085,TRUE,"positive"," -2.17771762","k__Fungi","p__Basidiomycota",NA,NA,NA,NA,NA,"Abundance"
"6","K","ASV_18",-1.00281816774645,0.0165,0.9835,TRUE,"negative","-17.20495311","k__Fungi","p__Basidiomycota","c__Pucciniomycetes","o__Pucciniales","f__Pucciniaceae","g__Puccinia","s__emaculata","Abundance"
"7","K","ASV_3",-0.97723843844357,0.021,0.979,TRUE,"negative","-18.44743460","k__Fungi","p__Basidiomycota","c__Pucciniomycetes","o__Pucciniales","f__Pucciniaceae","g__Puccinia","s__emaculata","Abundance"
"8","K","ASV_41",-0.941595972052539,0.02375,0.97625,TRUE,"negative","  2.09667783","k__Fungi","p__Ascomycota","c__Lecanoromycetes","o__Ostropales","f__Gomphillaceae","g__Corticifraga","s__peltigerae","Abundance"
"9","K","ASV_144",0.79661799845737,0.97925,0.02075,TRUE,"positive","  4.45009615","k__Fungi","p__Ascomycota","c__Dothideomycetes","o__Pleosporales",NA,NA,NA,"Abundance"
"10","K","ASV_83",0.819873081062361,0.97825,0.02175,TRUE,"positive","  4.48706569","k__Fungi","p__Ascomycota","c__Dothideomycetes","o__Pleosporales",NA,NA,NA,"Abundance"
"11","K","ASV_71",0.829128929807081,0.97125,0.02875,TRUE,"positive","  4.56117543","k__Fungi","p__Ascomycota","c__Dothideomycetes","o__Pleosporales","f__Phaeosphaeriaceae",NA,NA,"Abundance"
"12","K","ASV_2",0.857947357426108,0.99225,0.00775,TRUE,"positive","  5.38297741","k__Fungi","p__Ascomycota","c__Sordariomycetes","o__Xylariales","f__Microdochiaceae","g__Microdochium","s__seminicola","Abundance"
"13","K","ASV_66",0.920558551741041,0.97675,0.02325,TRUE,"positive","  5.20083850","k__Fungi","p__Ascomycota","c__Dothideomycetes","o__Pleosporales","f__Didymellaceae",NA,NA,"Abundance"
"14","K","ASV_624",0.953630932516679,0.971,0.029,TRUE,"positive","  4.43321904","k__Fungi","p__Ascomycota","c__Dothideomycetes","o__Pleosporales",NA,NA,NA,"Abundance"
"15","K","ASV_6",0.973324653368666,0.969,0.031,TRUE,"positive","  7.95894113","k__Fungi","p__Ascomycota","c__Dothideomycetes","o__Capnodiales","f__Teratosphaeriaceae","g__Hyweljonesia","s__queenslandica","Abundance"
"16","K","ASV_225",0.982746860298625,0.97925,0.02075,TRUE,"positive","  4.52265958","k__Fungi","p__Ascomycota","c__Dothideomycetes","o__Pleosporales","f__Phaeosphaeriaceae",NA,NA,"Abundance"
"17","K","ASV_20",1.02280089528709,0.99375,0.00625,TRUE,"positive","  4.47124758","k__Fungi","p__Ascomycota","c__Dothideomycetes","o__Pleosporales",NA,NA,NA,"Abundance"
"18","K","ASV_204",1.04102921489596,0.98275,0.01725,TRUE,"positive","  4.45807378","k__Fungi","p__Ascomycota","c__Dothideomycetes","o__Pleosporales",NA,NA,NA,"Abundance"
"19","K","ASV_861",1.04945571083824,0.96525,0.03475,TRUE,"positive","  5.15019537","k__Fungi","p__Ascomycota","c__Dothideomycetes","o__Pleosporales","f__Didymellaceae",NA,NA,"Abundance"
"20","K","ASV_52",1.05684850910361,0.99275,0.00725,TRUE,"positive","  4.93823329","k__Fungi","p__Ascomycota","c__Dothideomycetes","o__Pleosporales","f__Phaeosphaeriaceae","g__Phaeosphaeria",NA,"Abundance"
"21","K","ASV_727",1.07571216940383,0.959,0.041,TRUE,"positive","  4.37457014","k__Fungi","p__Ascomycota","c__Dothideomycetes","o__Capnodiales","f__Cladosporiaceae","g__Cladosporium",NA,"Abundance"
"22","K","ASV_217",1.08867954389801,0.974,0.026,TRUE,"positive","  5.18194518","k__Fungi","p__Ascomycota","c__Dothideomycetes","o__Pleosporales","f__Didymellaceae",NA,NA,"Abundance"
"23","K","ASV_1364",1.09440386538573,0.9775,0.0225,TRUE,"positive","  5.14396239","k__Fungi","p__Ascomycota","c__Dothideomycetes","o__Pleosporales","f__Didymellaceae",NA,NA,"Abundance"
"24","K","ASV_278",1.12658040402078,0.9815,0.0185,TRUE,"positive","  5.16483375","k__Fungi","p__Ascomycota","c__Dothideomycetes","o__Pleosporales","f__Didymellaceae",NA,NA,"Abundance"
"25","K","ASV_246",1.26266093815237,0.996,0.004,TRUE,"positive","  5.17101748","k__Fungi","p__Ascomycota","c__Dothideomycetes","o__Pleosporales","f__Didymellaceae",NA,NA,"Abundance"
"26","K","ASV_17",1.3444443507708,0.9995,5e-04,TRUE,"positive","  5.39440008","k__Fungi","p__Ascomycota","c__Dothideomycetes","o__Pleosporales","f__Didymellaceae",NA,NA,"Abundance"
"27","K","ASV_53",1.50439747634955,1,0,TRUE,"positive","  4.44596898","k__Fungi","p__Ascomycota","c__Dothideomycetes","o__Capnodiales","f__Cladosporiaceae","g__Cladosporium",NA,"Abundance"
"28","lib","ASV_18",2.01146066622464e-05,0.969,0.031,TRUE,"positive","-17.20495311","k__Fungi","p__Basidiomycota","c__Pucciniomycetes","o__Pucciniales","f__Pucciniaceae","g__Puccinia","s__emaculata","Abundance"
"29","lib","ASV_52",2.01659620285998e-05,0.969,0.031,TRUE,"positive","  4.93823329","k__Fungi","p__Ascomycota","c__Dothideomycetes","o__Pleosporales","f__Phaeosphaeriaceae","g__Phaeosphaeria",NA,"Abundance"
"30","lib","ASV_1206",2.0829930394033e-05,0.975,0.025,TRUE,"positive","  4.42261718","k__Fungi","p__Ascomycota","c__Dothideomycetes","o__Pleosporales",NA,NA,NA,"Abundance"
"31","lib","ASV_22",2.20617061572233e-05,0.991,0.009,TRUE,"positive","  4.60187019","k__Fungi","p__Ascomycota","c__Dothideomycetes","o__Pleosporales","f__Phaeosphaeriaceae",NA,NA,"Abundance"
"32","lib","ASV_41",2.25858695100029e-05,0.979,0.021,TRUE,"positive","  2.09667783","k__Fungi","p__Ascomycota","c__Lecanoromycetes","o__Ostropales","f__Gomphillaceae","g__Corticifraga","s__peltigerae","Abundance"
"33","lib","ASV_17",2.280584470994e-05,0.98525,0.01475,TRUE,"positive","  5.39440008","k__Fungi","p__Ascomycota","c__Dothideomycetes","o__Pleosporales","f__Didymellaceae",NA,NA,"Abundance"
"34","lib","ASV_268",2.30755577430706e-05,0.95725,0.04275,TRUE,"positive","  3.68277991","k__Fungi","p__Ascomycota","c__Eurotiomycetes","o__Chaetothyriales",NA,NA,NA,"Abundance"
"35","lib","ASV_259",2.31924308840722e-05,0.97525,0.02475,TRUE,"positive","  2.62490006","k__Fungi","p__Ascomycota","c__Eurotiomycetes","o__Chaetothyriales","f__Herpotrichiellaceae",NA,NA,"Abundance"
"36","lib","ASV_53",2.34314551552962e-05,0.995,0.005,TRUE,"positive","  4.44596898","k__Fungi","p__Ascomycota","c__Dothideomycetes","o__Capnodiales","f__Cladosporiaceae","g__Cladosporium",NA,"Abundance"
"37","lib","ASV_3",2.38099105879853e-05,0.9855,0.0145,TRUE,"positive","-18.44743460","k__Fungi","p__Basidiomycota","c__Pucciniomycetes","o__Pucciniales","f__Pucciniaceae","g__Puccinia","s__emaculata","Abundance"
"38","lib","ASV_1237",2.38315515216397e-05,0.95025,0.04975,TRUE,"positive","  2.63077942","k__Fungi","p__Ascomycota","c__Eurotiomycetes","o__Chaetothyriales","f__Herpotrichiellaceae",NA,NA,"Abundance"
"39","lib","ASV_2234",2.40639015300312e-05,0.97375,0.02625,TRUE,"positive"," -2.17105649","k__Fungi","p__Basidiomycota",NA,NA,NA,NA,NA,"Abundance"
"40","lib","ASV_256",2.41226471254924e-05,0.96375,0.03625,TRUE,"positive","  4.53962404","k__Fungi","p__Ascomycota","c__Dothideomycetes","o__Pleosporales","f__Phaeosphaeriaceae",NA,NA,"Abundance"
"41","lib","ASV_434",2.43426645345054e-05,0.96775,0.03225,TRUE,"positive","  3.68054287","k__Fungi","p__Ascomycota","c__Eurotiomycetes","o__Chaetothyriales",NA,NA,NA,"Abundance"
"42","lib","ASV_3373",2.46386928283345e-05,0.9715,0.0285,TRUE,"positive"," -2.17187813","k__Fungi","p__Basidiomycota",NA,NA,NA,NA,NA,"Abundance"
"43","lib","ASV_2338",2.50442472071975e-05,0.95125,0.04875,TRUE,"positive"," -2.08235137","k__Fungi","p__Basidiomycota","c__Agaricostilbomycetes","o__Agaricostilbales","f__Ruineniaceae","g__Ruinenia",NA,"Abundance"
"44","lib","ASV_170",2.51731517207381e-05,0.984,0.016,TRUE,"positive","  4.82639369","k__Fungi","p__Ascomycota","c__Dothideomycetes","o__Pleosporales","f__Phaeosphaeriaceae","g__Phaeosphaeria",NA,"Abundance"
"45","lib","ASV_1055",2.52482309026832e-05,0.964,0.036,TRUE,"positive","  3.68061001","k__Fungi","p__Ascomycota","c__Eurotiomycetes","o__Chaetothyriales",NA,NA,NA,"Abundance"
"46","lib","ASV_1170",2.57231185345745e-05,0.961,0.039,TRUE,"positive","  2.62856567","k__Fungi","p__Ascomycota","c__Eurotiomycetes","o__Chaetothyriales","f__Herpotrichiellaceae",NA,NA,"Abundance"
"47","lib","ASV_727",2.5775741677137e-05,0.95775,0.04225,TRUE,"positive","  4.37457014","k__Fungi","p__Ascomycota","c__Dothideomycetes","o__Capnodiales","f__Cladosporiaceae","g__Cladosporium",NA,"Abundance"
"48","lib","ASV_531",2.66885295536317e-05,0.97275,0.02725,TRUE,"positive","  2.64449124","k__Fungi","p__Ascomycota","c__Eurotiomycetes","o__Chaetothyriales","f__Herpotrichiellaceae","g__Phialophora","s__livistonae","Abundance"
"49","lib","ASV_177",2.70839553348427e-05,0.99525,0.00475,TRUE,"positive","  2.58822574","k__Fungi","p__Ascomycota","c__Sordariomycetes","o__Trichosphaeriales","f__Trichosphaeriaceae","g__Nigrospora",NA,"Abundance"
"50","lib","ASV_71",2.71046099758335e-05,0.986,0.014,TRUE,"positive","  4.56117543","k__Fungi","p__Ascomycota","c__Dothideomycetes","o__Pleosporales","f__Phaeosphaeriaceae",NA,NA,"Abundance"
"51","lib","ASV_473",2.71301430363696e-05,0.97125,0.02875,TRUE,"positive","  2.57329239","k__Fungi","p__Ascomycota","c__Sordariomycetes","o__Trichosphaeriales","f__Trichosphaeriaceae","g__Nigrospora","s__bambusae","Abundance"
"52","lib","ASV_393",2.84558292296659e-05,0.9805,0.0195,TRUE,"positive","  4.81954320","k__Fungi","p__Ascomycota","c__Dothideomycetes","o__Pleosporales","f__Phaeosphaeriaceae","g__Phaeosphaeria",NA,"Abundance"
"53","lib","ASV_313",2.89493416954534e-05,0.99575,0.00425,TRUE,"positive","  4.82210707","k__Fungi","p__Ascomycota","c__Dothideomycetes","o__Pleosporales","f__Phaeosphaeriaceae","g__Phaeosphaeria",NA,"Abundance"
"54","lib","ASV_339",2.9423010403721e-05,0.994,0.006,TRUE,"positive"," -2.04215526","k__Fungi","p__Basidiomycota","c__Agaricostilbomycetes","o__Agaricostilbales","f__Ruineniaceae","g__Ruinenia","s__diospyri","Abundance"
"55","lib","ASV_806",3.04973890025858e-05,0.98875,0.01125,TRUE,"positive"," -2.03902553","k__Fungi","p__Basidiomycota","c__Agaricostilbomycetes","o__Agaricostilbales","f__Ruineniaceae","g__Ruinenia","s__diospyri","Abundance"
"56","lib","ASV_6",3.11713156713485e-05,0.995,0.005,TRUE,"positive","  7.95894113","k__Fungi","p__Ascomycota","c__Dothideomycetes","o__Capnodiales","f__Teratosphaeriaceae","g__Hyweljonesia","s__queenslandica","Abundance"
"57","lib","ASV_1709",3.12789955303899e-05,0.97375,0.02625,TRUE,"positive","  4.06673094","k__Fungi","p__Ascomycota","c__Dothideomycetes","o__Capnodiales","f__Neodevriesiaceae","g__Neodevriesia","s__poagena","Abundance"
"58","lib","ASV_780",3.16362648066322e-05,0.9675,0.0325,TRUE,"positive","  2.64820414","k__Fungi","p__Ascomycota","c__Eurotiomycetes","o__Chaetothyriales","f__Chaetothyriales_fam_Incertae_sedis","g__Strelitziana","s__albiziae","Abundance"
"59","lib","ASV_15",3.23166718476375e-05,1,0,TRUE,"positive","  3.85599636","k__Fungi","p__Ascomycota","c__Eurotiomycetes","o__Chaetothyriales",NA,NA,NA,"Abundance"
"60","lib","ASV_327",3.24669382851848e-05,0.97425,0.02575,TRUE,"positive","  4.89611069","k__Fungi","p__Ascomycota","c__Dothideomycetes","o__Capnodiales","f__Teratosphaeriaceae",NA,NA,"Abundance"
"61","lib","ASV_58",3.28748826619475e-05,1,0,TRUE,"positive","  4.82752559","k__Fungi","p__Ascomycota","c__Dothideomycetes","o__Pleosporales","f__Phaeosphaeriaceae","g__Phaeosphaeria",NA,"Abundance"
"62","lib","ASV_272",3.3210773639347e-05,0.99025,0.00975,TRUE,"positive","  4.07188851","k__Fungi","p__Ascomycota","c__Dothideomycetes","o__Capnodiales","f__Neodevriesiaceae","g__Neodevriesia",NA,"Abundance"
"63","lib","ASV_20",3.49285837263492e-05,1,0,TRUE,"positive","  4.47124758","k__Fungi","p__Ascomycota","c__Dothideomycetes","o__Pleosporales",NA,NA,NA,"Abundance"
"64","lib","ASV_24",3.50121435424445e-05,1,0,TRUE,"positive","  4.90224238","k__Fungi","p__Ascomycota","c__Dothideomycetes","o__Pleosporales","f__Phaeosphaeriaceae","g__Phaeosphaeria",NA,"Abundance"
"65","lib","ASV_98",3.55407984481137e-05,1,0,TRUE,"positive"," -2.02932300","k__Fungi","p__Basidiomycota","c__Agaricostilbomycetes","o__Agaricostilbales","f__Ruineniaceae","g__Ruinenia","s__diospyri","Abundance"
"66","lib","ASV_102",3.58540909425767e-05,0.988,0.012,TRUE,"positive","  3.65011072","k__Fungi","p__Ascomycota","c__Dothideomycetes","o__Pleosporales","f__Cucurbitariaceae","g__Pyrenochaetopsis",NA,"Abundance"
"67","lib","ASV_644",3.76010955804855e-05,0.9795,0.0205,TRUE,"positive","  4.10704743","k__Fungi","p__Ascomycota","c__Sordariomycetes","o__Xylariales","f__Microdochiaceae","g__Microdochium",NA,"Abundance"
"68","lib","ASV_208",3.78985310269503e-05,0.9955,0.0045,TRUE,"positive","  2.67843341","k__Fungi","p__Ascomycota","c__Eurotiomycetes","o__Chaetothyriales","f__Chaetothyriales_fam_Incertae_sedis","g__Strelitziana",NA,"Abundance"
"69","lib","ASV_194",3.84719475850089e-05,0.98275,0.01725,TRUE,"positive","  4.13276439","k__Fungi","p__Ascomycota","c__Sordariomycetes","o__Xylariales","f__Microdochiaceae","g__Microdochium",NA,"Abundance"
"70","lib","ASV_4",3.97346416179992e-05,0.99975,0.00025,TRUE,"positive","  3.73057868","k__Fungi","p__Ascomycota","c__Dothideomycetes","o__Capnodiales","f__Dissoconiaceae","g__Dissoconium",NA,"Abundance"
"71","lib","ASV_2",4.93842773134693e-05,1,0,TRUE,"positive","  5.38297741","k__Fungi","p__Ascomycota","c__Sordariomycetes","o__Xylariales","f__Microdochiaceae","g__Microdochium","s__seminicola","Abundance"
"72","max.height.m","ASV_312",-1.10578041024615,0,1,TRUE,"negative"," -1.24144823","k__Fungi","p__Basidiomycota","c__Tremellomycetes","o__Tremellales","f__Bulleribasidiaceae","g__Hannaella","s__sinensis","Abundance"
"73","max.height.m","ASV_55",-1.08846891978499,0.00025,0.99975,TRUE,"negative"," -0.97008483","k__Fungi","p__Basidiomycota","c__Tremellomycetes","o__Tremellales","f__Bulleribasidiaceae","g__Hannaella","s__pagnoccae","Abundance"
"74","max.height.m","ASV_6",-0.802427227038774,0.016,0.984,TRUE,"negative","  7.95894113","k__Fungi","p__Ascomycota","c__Dothideomycetes","o__Capnodiales","f__Teratosphaeriaceae","g__Hyweljonesia","s__queenslandica","Abundance"
"75","max.height.m","ASV_53",-0.781396628905728,0.00275,0.99725,TRUE,"negative","  4.44596898","k__Fungi","p__Ascomycota","c__Dothideomycetes","o__Capnodiales","f__Cladosporiaceae","g__Cladosporium",NA,"Abundance"
"76","max.height.m","ASV_115",-0.759720926225361,0.019,0.981,TRUE,"negative"," -2.17771762","k__Fungi","p__Basidiomycota",NA,NA,NA,NA,NA,"Abundance"
"77","max.height.m","ASV_177",-0.731484422191575,0.015,0.985,TRUE,"negative","  2.58822574","k__Fungi","p__Ascomycota","c__Sordariomycetes","o__Trichosphaeriales","f__Trichosphaeriaceae","g__Nigrospora",NA,"Abundance"
"78","max.height.m","ASV_3",0.681491142054027,0.99,0.01,TRUE,"positive","-18.44743460","k__Fungi","p__Basidiomycota","c__Pucciniomycetes","o__Pucciniales","f__Pucciniaceae","g__Puccinia","s__emaculata","Abundance"
"79","max.height.m","ASV_18",0.79554385461854,0.99525,0.00475,TRUE,"positive","-17.20495311","k__Fungi","p__Basidiomycota","c__Pucciniomycetes","o__Pucciniales","f__Pucciniaceae","g__Puccinia","s__emaculata","Abundance"
"80","P","ASV_53",-0.72236976283434,5e-04,0.9995,TRUE,"negative","  4.44596898","k__Fungi","p__Ascomycota","c__Dothideomycetes","o__Capnodiales","f__Cladosporiaceae","g__Cladosporium",NA,"Abundance"
"81","P","ASV_52",-0.71632433214337,0.004,0.996,TRUE,"negative","  4.93823329","k__Fungi","p__Ascomycota","c__Dothideomycetes","o__Pleosporales","f__Phaeosphaeriaceae","g__Phaeosphaeria",NA,"Abundance"
"82","P","ASV_6",-0.564924011051174,0.02875,0.97125,TRUE,"negative","  7.95894113","k__Fungi","p__Ascomycota","c__Dothideomycetes","o__Capnodiales","f__Teratosphaeriaceae","g__Hyweljonesia","s__queenslandica","Abundance"
"83","P","ASV_278",-0.562526258137172,0.036,0.964,TRUE,"negative","  5.16483375","k__Fungi","p__Ascomycota","c__Dothideomycetes","o__Pleosporales","f__Didymellaceae",NA,NA,"Abundance"
"84","P","ASV_66",-0.557036082852709,0.01575,0.98425,TRUE,"negative","  5.20083850","k__Fungi","p__Ascomycota","c__Dothideomycetes","o__Pleosporales","f__Didymellaceae",NA,NA,"Abundance"
"85","P","ASV_17",-0.468780617152537,0.0115,0.9885,TRUE,"negative","  5.39440008","k__Fungi","p__Ascomycota","c__Dothideomycetes","o__Pleosporales","f__Didymellaceae",NA,NA,"Abundance"
"86","P","ASV_55",-0.433468608426141,0.04275,0.95725,TRUE,"negative"," -0.97008483","k__Fungi","p__Basidiomycota","c__Tremellomycetes","o__Tremellales","f__Bulleribasidiaceae","g__Hannaella","s__pagnoccae","Abundance"
"87","P","ASV_2",-0.365455484288971,0.03725,0.96275,TRUE,"negative","  5.38297741","k__Fungi","p__Ascomycota","c__Sordariomycetes","o__Xylariales","f__Microdochiaceae","g__Microdochium","s__seminicola","Abundance"
"88","P","ASV_4",0.366764303647962,0.951,0.049,TRUE,"positive","  3.73057868","k__Fungi","p__Ascomycota","c__Dothideomycetes","o__Capnodiales","f__Dissoconiaceae","g__Dissoconium",NA,"Abundance"
"89","P","ASV_181",0.518753607671148,0.95975,0.04025,TRUE,"positive","  3.55762620","k__Fungi","p__Ascomycota","c__Dothideomycetes","o__Pleosporales","f__Pleosporaceae","g__Bipolaris",NA,"Abundance"
"90","P","ASV_3",0.562688946685189,0.99,0.01,TRUE,"positive","-18.44743460","k__Fungi","p__Basidiomycota","c__Pucciniomycetes","o__Pucciniales","f__Pucciniaceae","g__Puccinia","s__emaculata","Abundance"
"91","ph","ASV_1925",-0.339976608556419,0.0235,0.9765,TRUE,"negative","-16.74600948","k__Fungi","p__Basidiomycota","c__Pucciniomycetes","o__Pucciniales","f__Pucciniaceae","g__Puccinia","s__emaculata","Abundance"
"92","ph","ASV_3",-0.271795979076266,0.03425,0.96575,TRUE,"negative","-18.44743460","k__Fungi","p__Basidiomycota","c__Pucciniomycetes","o__Pucciniales","f__Pucciniaceae","g__Puccinia","s__emaculata","Abundance"
"93","ph","ASV_18",-0.259065147098918,0.039,0.961,TRUE,"negative","-17.20495311","k__Fungi","p__Basidiomycota","c__Pucciniomycetes","o__Pucciniales","f__Pucciniaceae","g__Puccinia","s__emaculata","Abundance"
"94","ph","ASV_39",0.286699445722206,0.96175,0.03825,TRUE,"positive","  3.88934887","k__Fungi","p__Ascomycota","c__Dothideomycetes","o__Dothideales","f__Aureobasidiaceae","g__Aureobasidium","s__pullulans","Abundance"
"95","(Intercept)","ASV_877",-7.47042954443039,0,1,TRUE,"negative"," -2.07400379","k__Fungi","p__Basidiomycota","c__Agaricostilbomycetes","o__Agaricostilbales","f__Ruineniaceae","g__Ruinenia",NA,"Presence"
"96","(Intercept)","ASV_2638",-7.32862458029226,0,1,TRUE,"negative","  2.08557924","k__Fungi","p__Ascomycota","c__Lecanoromycetes","o__Ostropales","f__Gomphillaceae","g__Corticifraga","s__peltigerae","Presence"
"97","(Intercept)","ASV_2608",-7.24387823860989,0.00025,0.99975,TRUE,"negative"," -2.10608621","k__Fungi","p__Basidiomycota","c__Agaricostilbomycetes","o__Agaricostilbales","f__Kondoaceae","g__Bensingtonia",NA,"Presence"
"98","(Intercept)","ASV_3084",-6.43379249544286,5e-04,0.9995,TRUE,"negative"," -2.15570865","k__Fungi","p__Basidiomycota","c__Microbotryomycetes","o__Microbotryomycetes_ord_Incertae_sedis","f__Chrysozymaceae","g__Chrysozyma","s__griseoflava","Presence"
"99","(Intercept)","ASV_2293",-5.59007290609797,0.0135,0.9865,TRUE,"negative"," -2.13645256","k__Fungi","p__Basidiomycota","c__Agaricomycetes","o__Agaricales",NA,NA,NA,"Presence"
"100","(Intercept)","ASV_735",-5.43113185090778,0.001,0.999,TRUE,"negative","  4.06777866","k__Fungi","p__Ascomycota","c__Dothideomycetes","o__Capnodiales","f__Neodevriesiaceae","g__Neodevriesia","s__poagena","Presence"
"101","(Intercept)","ASV_1518",-5.41075939743183,0.0015,0.9985,TRUE,"negative","  2.57957637","k__Fungi","p__Ascomycota","c__Sordariomycetes","o__Trichosphaeriales","f__Trichosphaeriaceae","g__Nigrospora",NA,"Presence"
"102","(Intercept)","ASV_368",-5.30941727537968,0.00325,0.99675,TRUE,"negative","-16.76804630","k__Fungi","p__Basidiomycota","c__Pucciniomycetes","o__Pucciniales","f__Pucciniaceae","g__Puccinia","s__emaculata","Presence"
"103","(Intercept)","ASV_256",-5.01856738169868,0.00175,0.99825,TRUE,"negative","  4.53962404","k__Fungi","p__Ascomycota","c__Dothideomycetes","o__Pleosporales","f__Phaeosphaeriaceae",NA,NA,"Presence"
"104","(Intercept)","ASV_458",-4.94467213406189,0.00075,0.99925,TRUE,"negative"," -1.36892761","k__Fungi","p__Basidiomycota","c__Tremellomycetes","o__Tremellales","f__Bulleribasidiaceae","g__Bulleribasidium",NA,"Presence"
"105","(Intercept)","ASV_927",-4.64647460043601,0.016,0.984,TRUE,"negative","  3.56753564","k__Fungi","p__Ascomycota","c__Dothideomycetes","o__Pleosporales","f__Didymosphaeriaceae","g__Pseudopithomyces","s__rosae","Presence"
"106","(Intercept)","ASV_4769",-4.28564748434829,0.019,0.981,TRUE,"negative"," -2.17224527","k__Fungi","p__Basidiomycota",NA,NA,NA,NA,NA,"Presence"
"107","(Intercept)","ASV_1055",-4.28032619206785,0.0095,0.9905,TRUE,"negative","  3.68061001","k__Fungi","p__Ascomycota","c__Eurotiomycetes","o__Chaetothyriales",NA,NA,NA,"Presence"
"108","(Intercept)","ASV_138",-4.09620721317144,0.00175,0.99825,TRUE,"negative"," -2.08344031","k__Fungi","p__Basidiomycota","c__Cystobasidiomycetes","o__Erythrobasidiales","f__Erythrobasidiaceae","g__Erythrobasidium",NA,"Presence"
"109","(Intercept)","ASV_1502",-4.03833708983104,0.011,0.989,TRUE,"negative","-16.74792106","k__Fungi","p__Basidiomycota","c__Pucciniomycetes","o__Pucciniales","f__Pucciniaceae","g__Puccinia","s__emaculata","Presence"
"110","(Intercept)","ASV_562",-3.83886003539888,0.01175,0.98825,TRUE,"negative","  4.05959063","k__Fungi","p__Ascomycota","c__Dothideomycetes","o__Pleosporales","f__Phaeosphaeriaceae","g__Didymocyrtis","s__cladoniicola","Presence"
"111","(Intercept)","ASV_1219",-3.82729883517837,0.00825,0.99175,TRUE,"negative"," -1.96937281","k__Fungi","p__Basidiomycota","c__Spiculogloeomycetes","o__Spiculogloeales","f__Spiculogloeaceae","g__Phyllozyma","s__novozealandica","Presence"
"112","(Intercept)","ASV_1345",-3.79625356642236,0.01975,0.98025,TRUE,"negative"," -2.07721298","k__Fungi","p__Basidiomycota","c__Cystobasidiomycetes","o__Erythrobasidiales","f__Erythrobasidiaceae","g__Erythrobasidium","s__hasegawianum","Presence"
"113","(Intercept)","ASV_1237",-3.60373093751761,0.02875,0.97125,TRUE,"negative","  2.63077942","k__Fungi","p__Ascomycota","c__Eurotiomycetes","o__Chaetothyriales","f__Herpotrichiellaceae",NA,NA,"Presence"
"114","(Intercept)","ASV_3041",-3.51995855999378,0.01525,0.98475,TRUE,"negative"," -2.13723741","k__Fungi","p__Basidiomycota","c__Agaricomycetes","o__Agaricales","f__Cyphellaceae",NA,NA,"Presence"
"115","(Intercept)","ASV_246",-3.4889936174654,0.017,0.983,TRUE,"negative","  5.17101748","k__Fungi","p__Ascomycota","c__Dothideomycetes","o__Pleosporales","f__Didymellaceae",NA,NA,"Presence"
"116","(Intercept)","ASV_492",-3.48469637319789,0.0125,0.9875,TRUE,"negative","  4.43138627","k__Fungi","p__Ascomycota","c__Dothideomycetes","o__Pleosporales",NA,NA,NA,"Presence"
"117","(Intercept)","ASV_796",-3.4454963735135,0.00825,0.99175,TRUE,"negative"," -1.87029412","k__Fungi","p__Basidiomycota","c__Tremellomycetes",NA,NA,NA,NA,"Presence"
"118","(Intercept)","ASV_5642",-3.36924673512941,0.047,0.953,TRUE,"negative"," -1.25376567","k__Fungi","p__Basidiomycota","c__Tremellomycetes","o__Tremellales","f__Bulleribasidiaceae","g__Hannaella","s__sinensis","Presence"
"119","(Intercept)","ASV_39",-3.34040302795371,0.0055,0.9945,TRUE,"negative","  3.88934887","k__Fungi","p__Ascomycota","c__Dothideomycetes","o__Dothideales","f__Aureobasidiaceae","g__Aureobasidium","s__pullulans","Presence"
"120","(Intercept)","ASV_7",-3.29687696818675,0.0065,0.9935,TRUE,"negative"," -0.56796858","k__Fungi","p__Ascomycota","c__Dothideomycetes","o__Pleosporales","f__Leptosphaeriaceae",NA,NA,"Presence"
"121","(Intercept)","ASV_1044",-3.25346473450614,0.01125,0.98875,TRUE,"negative"," -2.06760684","k__Fungi","p__Basidiomycota","c__Cystobasidiomycetes","o__Erythrobasidiales","f__Erythrobasidiaceae","g__Bannoa",NA,"Presence"
"122","(Intercept)","ASV_208",-3.18277194996665,0.016,0.984,TRUE,"negative","  2.67843341","k__Fungi","p__Ascomycota","c__Eurotiomycetes","o__Chaetothyriales","f__Chaetothyriales_fam_Incertae_sedis","g__Strelitziana",NA,"Presence"
"123","(Intercept)","ASV_225",-3.17574610173738,0.01025,0.98975,TRUE,"negative","  4.52265958","k__Fungi","p__Ascomycota","c__Dothideomycetes","o__Pleosporales","f__Phaeosphaeriaceae",NA,NA,"Presence"
"124","(Intercept)","ASV_3610",-3.15266288196362,0.04075,0.95925,TRUE,"negative"," -2.13038568","k__Fungi","p__Basidiomycota","c__Cystobasidiomycetes","o__Cystobasidiomycetes_ord_Incertae_sedis","f__Symmetrosporaceae","g__Symmetrospora",NA,"Presence"
"125","(Intercept)","ASV_2180",-3.0446139163121,0.0425,0.9575,TRUE,"negative","-11.89470463","k__Fungi","p__Basidiomycota","c__Pucciniomycetes","o__Pucciniales","f__Pucciniaceae","g__Puccinia",NA,"Presence"
"126","(Intercept)","ASV_64",-3.03907236233245,0.03375,0.96625,TRUE,"negative","  0.10576736","k__Fungi","p__Ascomycota","c__Dothideomycetes","o__Pleosporales","f__Leptosphaeriaceae",NA,NA,"Presence"
"127","(Intercept)","ASV_2",-3.0229318132106,0.0265,0.9735,TRUE,"negative","  5.38297741","k__Fungi","p__Ascomycota","c__Sordariomycetes","o__Xylariales","f__Microdochiaceae","g__Microdochium","s__seminicola","Presence"
"128","(Intercept)","ASV_1741",-2.92628851652598,0.03125,0.96875,TRUE,"negative"," -2.12270816","k__Fungi","p__Basidiomycota","c__Agaricomycetes","o__Agaricales","f__Tricholomataceae",NA,NA,"Presence"
"129","(Intercept)","ASV_83",-2.8568062838645,0.01225,0.98775,TRUE,"negative","  4.48706569","k__Fungi","p__Ascomycota","c__Dothideomycetes","o__Pleosporales",NA,NA,NA,"Presence"
"130","(Intercept)","ASV_55",2.22864761359364,0.95925,0.04075,TRUE,"positive"," -0.97008483","k__Fungi","p__Basidiomycota","c__Tremellomycetes","o__Tremellales","f__Bulleribasidiaceae","g__Hannaella","s__pagnoccae","Presence"
"131","(Intercept)","ASV_3246",3.01714539037067,0.955,0.045,TRUE,"positive"," -2.17312479","k__Fungi","p__Basidiomycota",NA,NA,NA,NA,NA,"Presence"
"132","(Intercept)","ASV_525",3.11878148201156,0.99075,0.00925,TRUE,"positive"," -2.11232049","k__Fungi","p__Basidiomycota","c__Cystobasidiomycetes","o__Erythrobasidiales",NA,NA,NA,"Presence"
"133","(Intercept)","ASV_60",3.17296381425774,0.96875,0.03125,TRUE,"positive","-16.82639602","k__Fungi","p__Basidiomycota","c__Pucciniomycetes","o__Pucciniales","f__Pucciniaceae","g__Puccinia","s__emaculata","Presence"
"134","(Intercept)","ASV_362",3.17733328057882,0.99125,0.00875,TRUE,"positive"," -1.39516464","k__Fungi","p__Basidiomycota","c__Tremellomycetes","o__Tremellales","f__Bulleribasidiaceae","g__Bulleribasidium","s__foliicola","Presence"
"135","(Intercept)","ASV_20",3.31036984348853,0.9955,0.0045,TRUE,"positive","  4.47124758","k__Fungi","p__Ascomycota","c__Dothideomycetes","o__Pleosporales",NA,NA,NA,"Presence"
"136","(Intercept)","ASV_2101",3.70737070906073,0.99,0.01,TRUE,"positive","  3.00006244","k__Fungi","p__Ascomycota","c__Sordariomycetes","o__Xylariales","f__Sporocadaceae","g__Neopestalotiopsis",NA,"Presence"
"137","(Intercept)","ASV_3287",3.83816244189002,0.9805,0.0195,TRUE,"positive"," -2.14630716","k__Fungi","p__Basidiomycota","c__Exobasidiomycetes","o__Tilletiales","f__Tilletiaceae","g__Tilletia",NA,"Presence"
"138","(Intercept)","ASV_780",3.84878395482307,0.99875,0.00125,TRUE,"positive","  2.64820414","k__Fungi","p__Ascomycota","c__Eurotiomycetes","o__Chaetothyriales","f__Chaetothyriales_fam_Incertae_sedis","g__Strelitziana","s__albiziae","Presence"
"139","(Intercept)","ASV_373",3.85183633618649,0.998,0.002,TRUE,"positive","  4.42859917","k__Fungi","p__Ascomycota","c__Dothideomycetes","o__Pleosporales",NA,NA,NA,"Presence"
"140","(Intercept)","ASV_177",4.07936787600823,0.9995,5e-04,TRUE,"positive","  2.58822574","k__Fungi","p__Ascomycota","c__Sordariomycetes","o__Trichosphaeriales","f__Trichosphaeriaceae","g__Nigrospora",NA,"Presence"
"141","(Intercept)","ASV_347",4.14411912042388,0.9965,0.0035,TRUE,"positive","  3.67011467","k__Fungi","p__Ascomycota","c__Eurotiomycetes","o__Chaetothyriales",NA,NA,NA,"Presence"
"142","(Intercept)","ASV_439",4.46645536763067,0.99775,0.00225,TRUE,"positive","  2.61706793","k__Fungi","p__Ascomycota","c__Eurotiomycetes","o__Chaetothyriales","f__Trichomeriaceae",NA,NA,"Presence"
"143","(Intercept)","ASV_58",4.68336091614219,1,0,TRUE,"positive","  4.82752559","k__Fungi","p__Ascomycota","c__Dothideomycetes","o__Pleosporales","f__Phaeosphaeriaceae","g__Phaeosphaeria",NA,"Presence"
"144","(Intercept)","ASV_115",4.97491578143964,1,0,TRUE,"positive"," -2.17771762","k__Fungi","p__Basidiomycota",NA,NA,NA,NA,NA,"Presence"
"145","(Intercept)","ASV_268",5.06854007751055,0.99975,0.00025,TRUE,"positive","  3.68277991","k__Fungi","p__Ascomycota","c__Eurotiomycetes","o__Chaetothyriales",NA,NA,NA,"Presence"
"146","(Intercept)","ASV_136",5.32866845561245,0.99975,0.00025,TRUE,"positive"," -2.13129080","k__Fungi","p__Basidiomycota","c__Exobasidiomycetes","o__Golubeviales","f__Golubeviaceae","g__Golubevia","s__pallescens","Presence"
"147","(Intercept)","ASV_2487",5.42227926072961,0.998,0.002,TRUE,"positive","  1.95954929","k__Fungi","p__Ascomycota",NA,NA,NA,NA,NA,"Presence"
"148","(Intercept)","ASV_1172",5.97199005703217,0.99975,0.00025,TRUE,"positive","  2.98081419","k__Fungi","p__Ascomycota","c__Sordariomycetes","o__Xylariales","f__Sporocadaceae","g__Pestalotiopsis",NA,"Presence"
"149","(Intercept)","ASV_1167",6.37517174185893,0.99975,0.00025,TRUE,"positive"," -2.07878964","k__Fungi","p__Basidiomycota","c__Cystobasidiomycetes","o__Erythrobasidiales","f__Erythrobasidiaceae","g__Erythrobasidium",NA,"Presence"
"150","(Intercept)","ASV_2706",6.58554187954084,0.99925,0.00075,TRUE,"positive"," -2.13915657","k__Fungi","p__Basidiomycota","c__Cystobasidiomycetes","o__Cystobasidiomycetes_ord_Incertae_sedis","f__Microsporomycetaceae",NA,NA,"Presence"
"151","(Intercept)","ASV_349",6.70204584852101,0.99975,0.00025,TRUE,"positive","  3.94008776","k__Fungi","p__Ascomycota","c__Dothideomycetes","o__Capnodiales",NA,NA,NA,"Presence"
"152","(Intercept)","ASV_2552",7.00532921094329,1,0,TRUE,"positive"," -2.16792002","k__Fungi","p__Basidiomycota","c__Atractiellomycetes","o__Atractiellales","f__Phleogenaceae","g__Atractidochium","s__hillariae","Presence"
"153","(Intercept)","ASV_450",7.02511742166562,1,0,TRUE,"positive","  2.56927016","k__Fungi","p__Ascomycota","c__Sordariomycetes","o__Trichosphaeriales","f__Trichosphaeriaceae","g__Nigrospora",NA,"Presence"
"154","(Intercept)","ASV_81",7.13882977210636,1,0,TRUE,"positive","  3.93607277","k__Fungi","p__Ascomycota","c__Dothideomycetes","o__Capnodiales","f__Mycosphaerellaceae",NA,NA,"Presence"
"155","(Intercept)","ASV_916",7.13898389256534,1,0,TRUE,"positive"," -2.14236376","k__Fungi","p__Basidiomycota","c__Exobasidiomycetes","o__Exobasidiales","f__Exobasidiaceae","g__Exobasidium",NA,"Presence"
"156","(Intercept)","ASV_857",7.461209077089,1,0,TRUE,"positive"," -2.17868582","k__Fungi","p__Basidiomycota",NA,NA,NA,NA,NA,"Presence"
"157","(Intercept)","ASV_973",7.47071660819677,1,0,TRUE,"positive"," -1.42360193","k__Fungi","p__Basidiomycota","c__Tremellomycetes","o__Tremellales","f__Bulleribasidiaceae","g__Derxomyces","s__pseudoschimicola","Presence"
"158","(Intercept)","ASV_2855",7.62414322981018,0.99975,0.00025,TRUE,"positive"," -1.44676097","k__Fungi","p__Basidiomycota","c__Tremellomycetes","o__Tremellales","f__Cuniculitremaceae","g__Kockovaella",NA,"Presence"
"159","(Intercept)","ASV_511",8.39453132289343,1,0,TRUE,"positive","  1.95030130","k__Fungi","p__Ascomycota",NA,NA,NA,NA,NA,"Presence"
"160","(Intercept)","ASV_828",8.63252614736236,0.99975,0.00025,TRUE,"positive","  3.55206675","k__Fungi","p__Ascomycota","c__Dothideomycetes","o__Pleosporales","f__Cucurbitariaceae","g__Pyrenochaetopsis","s__leptospora","Presence"
"161","K","ASV_419",-2.33234971818778,0,1,TRUE,"negative"," -1.38050728","k__Fungi","p__Basidiomycota","c__Tremellomycetes","o__Tremellales","f__Bulleribasidiaceae","g__Bulleribasidium",NA,"Presence"
"162","K","ASV_362",-2.23303779303656,0,1,TRUE,"negative"," -1.39516464","k__Fungi","p__Basidiomycota","c__Tremellomycetes","o__Tremellales","f__Bulleribasidiaceae","g__Bulleribasidium","s__foliicola","Presence"
"163","K","ASV_7",-2.14187708825566,0,1,TRUE,"negative"," -0.56796858","k__Fungi","p__Ascomycota","c__Dothideomycetes","o__Pleosporales","f__Leptosphaeriaceae",NA,NA,"Presence"
"164","K","ASV_1519",-2.10037865474767,0.00025,0.99975,TRUE,"negative"," -1.63076094","k__Fungi","p__Basidiomycota","c__Tremellomycetes","o__Tremellales","f__Rhynchogastremataceae","g__Papiliotrema","s__fusca","Presence"
"165","K","ASV_130",-2.04066377555758,0,1,TRUE,"negative"," -1.57857944","k__Fungi","p__Basidiomycota","c__Tremellomycetes","o__Tremellales","f__Bulleraceae","g__Bullera","s__penniseticola","Presence"
"166","K","ASV_58",-1.9536091826982,0.00025,0.99975,TRUE,"negative","  4.82752559","k__Fungi","p__Ascomycota","c__Dothideomycetes","o__Pleosporales","f__Phaeosphaeriaceae","g__Phaeosphaeria",NA,"Presence"
"167","K","ASV_98",-1.95333805236801,0,1,TRUE,"negative"," -2.02932300","k__Fungi","p__Basidiomycota","c__Agaricostilbomycetes","o__Agaricostilbales","f__Ruineniaceae","g__Ruinenia","s__diospyri","Presence"
"168","K","ASV_368",-1.88777715495969,0.009,0.991,TRUE,"negative","-16.76804630","k__Fungi","p__Basidiomycota","c__Pucciniomycetes","o__Pucciniales","f__Pucciniaceae","g__Puccinia","s__emaculata","Presence"
"169","K","ASV_18",-1.86676731838158,0.00025,0.99975,TRUE,"negative","-17.20495311","k__Fungi","p__Basidiomycota","c__Pucciniomycetes","o__Pucciniales","f__Pucciniaceae","g__Puccinia","s__emaculata","Presence"
"170","K","ASV_268",-1.78795176734017,0.004,0.996,TRUE,"negative","  3.68277991","k__Fungi","p__Ascomycota","c__Eurotiomycetes","o__Chaetothyriales",NA,NA,NA,"Presence"
"171","K","ASV_66",-1.7812757053599,5e-04,0.9995,TRUE,"negative","  5.20083850","k__Fungi","p__Ascomycota","c__Dothideomycetes","o__Pleosporales","f__Didymellaceae",NA,NA,"Presence"
"172","K","ASV_3",-1.77913367295076,5e-04,0.9995,TRUE,"negative","-18.44743460","k__Fungi","p__Basidiomycota","c__Pucciniomycetes","o__Pucciniales","f__Pucciniaceae","g__Puccinia","s__emaculata","Presence"
"173","K","ASV_916",-1.75888198660685,0.01075,0.98925,TRUE,"negative"," -2.14236376","k__Fungi","p__Basidiomycota","c__Exobasidiomycetes","o__Exobasidiales","f__Exobasidiaceae","g__Exobasidium",NA,"Presence"
"174","K","ASV_4",-1.7100686879937,0.001,0.999,TRUE,"negative","  3.73057868","k__Fungi","p__Ascomycota","c__Dothideomycetes","o__Capnodiales","f__Dissoconiaceae","g__Dissoconium",NA,"Presence"
"175","K","ASV_349",-1.63660523989549,0.042,0.958,TRUE,"negative","  3.94008776","k__Fungi","p__Ascomycota","c__Dothideomycetes","o__Capnodiales",NA,NA,NA,"Presence"
"176","K","ASV_55",-1.59755905188815,0.001,0.999,TRUE,"negative"," -0.97008483","k__Fungi","p__Basidiomycota","c__Tremellomycetes","o__Tremellales","f__Bulleribasidiaceae","g__Hannaella","s__pagnoccae","Presence"
"177","K","ASV_1925",-1.41718810497838,0.01325,0.98675,TRUE,"negative","-16.74600948","k__Fungi","p__Basidiomycota","c__Pucciniomycetes","o__Pucciniales","f__Pucciniaceae","g__Puccinia","s__emaculata","Presence"
"178","K","ASV_392",-1.40179360564707,0.004,0.996,TRUE,"negative"," -1.57946217","k__Fungi","p__Basidiomycota","c__Tremellomycetes","o__Tremellales","f__Trimorphomycetaceae","g__Saitozyma","s__flava","Presence"
"179","K","ASV_2010",-1.40008663947316,0.02725,0.97275,TRUE,"negative"," -2.07940264","k__Fungi","p__Basidiomycota","c__Cystobasidiomycetes","o__Erythrobasidiales","f__Erythrobasidiaceae","g__Erythrobasidium","s__hasegawianum","Presence"
"180","K","ASV_1167",-1.35437097432744,0.04625,0.95375,TRUE,"negative"," -2.07878964","k__Fungi","p__Basidiomycota","c__Cystobasidiomycetes","o__Erythrobasidiales","f__Erythrobasidiaceae","g__Erythrobasidium",NA,"Presence"
"181","K","ASV_649",-1.33233438349004,0.02925,0.97075,TRUE,"negative"," -2.06668390","k__Fungi","p__Basidiomycota","c__Cystobasidiomycetes","o__Erythrobasidiales","f__Erythrobasidiaceae","g__Erythrobasidium",NA,"Presence"
"182","K","ASV_593",-1.32565965512962,0.016,0.984,TRUE,"negative","  4.42773393","k__Fungi","p__Ascomycota","c__Dothideomycetes","o__Pleosporales",NA,NA,NA,"Presence"
"183","K","ASV_744",-1.29595420301903,0.031,0.969,TRUE,"negative","  4.51640734","k__Fungi","p__Ascomycota","c__Dothideomycetes","o__Pleosporales","f__Phaeosphaeriaceae",NA,NA,"Presence"
"184","K","ASV_2171",-1.29498678210162,0.04775,0.95225,TRUE,"negative"," -2.08049597","k__Fungi","p__Basidiomycota","c__Agaricostilbomycetes","o__Agaricostilbales","f__Ruineniaceae","g__Ruinenia","s__pyrrosiae","Presence"
"185","K","ASV_833",-1.28425614482826,0.02275,0.97725,TRUE,"negative"," -2.13524015","k__Fungi","p__Basidiomycota","c__Exobasidiomycetes","o__Golubeviales","f__Golubeviaceae","g__Golubevia","s__pallescens","Presence"
"186","K","ASV_41",-1.28365184466894,0.00625,0.99375,TRUE,"negative","  2.09667783","k__Fungi","p__Ascomycota","c__Lecanoromycetes","o__Ostropales","f__Gomphillaceae","g__Corticifraga","s__peltigerae","Presence"
"187","K","ASV_339",-1.2711435161502,0.023,0.977,TRUE,"negative"," -2.04215526","k__Fungi","p__Basidiomycota","c__Agaricostilbomycetes","o__Agaricostilbales","f__Ruineniaceae","g__Ruinenia","s__diospyri","Presence"
"188","K","ASV_136",-1.22543393834209,0.037,0.963,TRUE,"negative"," -2.13129080","k__Fungi","p__Basidiomycota","c__Exobasidiomycetes","o__Golubeviales","f__Golubeviaceae","g__Golubevia","s__pallescens","Presence"
"189","K","ASV_181",-1.22228020053814,0.00875,0.99125,TRUE,"negative","  3.55762620","k__Fungi","p__Ascomycota","c__Dothideomycetes","o__Pleosporales","f__Pleosporaceae","g__Bipolaris",NA,"Presence"
"190","K","ASV_71",-1.15397339129888,0.00925,0.99075,TRUE,"negative","  4.56117543","k__Fungi","p__Ascomycota","c__Dothideomycetes","o__Pleosporales","f__Phaeosphaeriaceae",NA,NA,"Presence"
"191","K","ASV_255",-1.11286905234886,0.0155,0.9845,TRUE,"negative"," -2.08917105","k__Fungi","p__Basidiomycota","c__Agaricostilbomycetes","o__Agaricostilbales","f__Ruineniaceae","g__Ruinenia",NA,"Presence"
"192","K","ASV_272",-1.10397104717132,0.02825,0.97175,TRUE,"negative","  4.07188851","k__Fungi","p__Ascomycota","c__Dothideomycetes","o__Capnodiales","f__Neodevriesiaceae","g__Neodevriesia",NA,"Presence"
"193","K","ASV_525",-1.08603565621209,0.0265,0.9735,TRUE,"negative"," -2.11232049","k__Fungi","p__Basidiomycota","c__Cystobasidiomycetes","o__Erythrobasidiales",NA,NA,NA,"Presence"
"194","K","ASV_138",-1.05965472542581,0.02175,0.97825,TRUE,"negative"," -2.08344031","k__Fungi","p__Basidiomycota","c__Cystobasidiomycetes","o__Erythrobasidiales","f__Erythrobasidiaceae","g__Erythrobasidium",NA,"Presence"
"195","K","ASV_20",-1.03455838701239,0.01975,0.98025,TRUE,"negative","  4.47124758","k__Fungi","p__Ascomycota","c__Dothideomycetes","o__Pleosporales",NA,NA,NA,"Presence"
"196","K","ASV_312",-1.0250857981595,0.02525,0.97475,TRUE,"negative"," -1.24144823","k__Fungi","p__Basidiomycota","c__Tremellomycetes","o__Tremellales","f__Bulleribasidiaceae","g__Hannaella","s__sinensis","Presence"
"197","K","ASV_235",-0.9947379610866,0.022,0.978,TRUE,"negative","  3.55915737","k__Fungi","p__Ascomycota","c__Dothideomycetes","o__Pleosporales","f__Lentitheciaceae","g__Keissleriella",NA,"Presence"
"198","K","ASV_378",0.912600351948771,0.959,0.041,TRUE,"positive"," -1.38182300","k__Fungi","p__Basidiomycota","c__Tremellomycetes","o__Tremellales","f__Bulleribasidiaceae","g__Derxomyces",NA,"Presence"
"199","K","ASV_1833",0.955659381623454,0.9525,0.0475,TRUE,"positive"," -2.12807061","k__Fungi","p__Basidiomycota","c__Agaricomycetes","o__Agaricales","f__Tricholomataceae","g__Calyptella","s__capula","Presence"
"200","K","ASV_717",0.955858951538066,0.953,0.047,TRUE,"positive"," -2.06611665","k__Fungi","p__Basidiomycota","c__Cystobasidiomycetes","o__Erythrobasidiales","f__Erythrobasidiaceae","g__Erythrobasidium",NA,"Presence"
"201","K","ASV_796",1.05768045951841,0.97725,0.02275,TRUE,"positive"," -1.87029412","k__Fungi","p__Basidiomycota","c__Tremellomycetes",NA,NA,NA,NA,"Presence"
"202","K","ASV_1237",1.12916593442773,0.9545,0.0455,TRUE,"positive","  2.63077942","k__Fungi","p__Ascomycota","c__Eurotiomycetes","o__Chaetothyriales","f__Herpotrichiellaceae",NA,NA,"Presence"
"203","K","ASV_624",1.15787252646461,0.9765,0.0235,TRUE,"positive","  4.43321904","k__Fungi","p__Ascomycota","c__Dothideomycetes","o__Pleosporales",NA,NA,NA,"Presence"
"204","K","ASV_52",1.16793508546629,0.98925,0.01075,TRUE,"positive","  4.93823329","k__Fungi","p__Ascomycota","c__Dothideomycetes","o__Pleosporales","f__Phaeosphaeriaceae","g__Phaeosphaeria",NA,"Presence"
"205","K","ASV_182",1.21820218846558,0.9895,0.0105,TRUE,"positive"," -1.17452859","k__Fungi","p__Basidiomycota","c__Tremellomycetes","o__Tremellales","f__Bulleribasidiaceae","g__Hannaella",NA,"Presence"
"206","K","ASV_5642",1.33369521746991,0.973,0.027,TRUE,"positive"," -1.25376567","k__Fungi","p__Basidiomycota","c__Tremellomycetes","o__Tremellales","f__Bulleribasidiaceae","g__Hannaella","s__sinensis","Presence"
"207","K","ASV_3134",1.34193299678732,0.9795,0.0205,TRUE,"positive"," -2.12995785","k__Fungi","p__Basidiomycota","c__Cystobasidiomycetes","o__Cystobasidiomycetes_ord_Incertae_sedis","f__Symmetrosporaceae","g__Symmetrospora",NA,"Presence"
"208","K","ASV_1595",1.36261765203211,0.965,0.035,TRUE,"positive","  4.42480627","k__Fungi","p__Ascomycota","c__Dothideomycetes","o__Pleosporales",NA,NA,NA,"Presence"
"209","K","ASV_278",1.39407483372401,0.98475,0.01525,TRUE,"positive","  5.16483375","k__Fungi","p__Ascomycota","c__Dothideomycetes","o__Pleosporales","f__Didymellaceae",NA,NA,"Presence"
"210","K","ASV_1112",1.40068043571406,0.98975,0.01025,TRUE,"positive","  2.08510400","k__Fungi","p__Ascomycota","c__Lecanoromycetes","o__Ostropales","f__Gomphillaceae","g__Corticifraga","s__peltigerae","Presence"
"211","K","ASV_217",1.45569090153877,0.9845,0.0155,TRUE,"positive","  5.18194518","k__Fungi","p__Ascomycota","c__Dothideomycetes","o__Pleosporales","f__Didymellaceae",NA,NA,"Presence"
"212","K","ASV_3041",1.51584673019038,0.99125,0.00875,TRUE,"positive"," -2.13723741","k__Fungi","p__Basidiomycota","c__Agaricomycetes","o__Agaricales","f__Cyphellaceae",NA,NA,"Presence"
"213","K","ASV_3693",1.68675690555652,0.97325,0.02675,TRUE,"positive","  3.53745815","k__Fungi","p__Ascomycota","c__Dothideomycetes","o__Pleosporales","f__Pleosporaceae","g__Curvularia",NA,"Presence"
"214","K","ASV_763",1.89211028403648,0.99875,0.00125,TRUE,"positive","  2.66667687","k__Fungi","p__Ascomycota","c__Eurotiomycetes","o__Chaetothyriales","f__Trichomeriaceae","g__Trichomerium","s__eucalypti","Presence"
"215","K","ASV_2244",1.90763526401291,0.9985,0.0015,TRUE,"positive","  3.67632164","k__Fungi","p__Ascomycota","c__Eurotiomycetes","o__Chaetothyriales",NA,NA,NA,"Presence"
"216","K","ASV_1352",1.91129056223389,0.99375,0.00625,TRUE,"positive"," -2.16814988","k__Fungi","p__Basidiomycota",NA,NA,NA,NA,NA,"Presence"
"217","K","ASV_804",2.04577996975058,0.9995,5e-04,TRUE,"positive","  4.42970894","k__Fungi","p__Ascomycota","c__Dothideomycetes","o__Pleosporales",NA,NA,NA,"Presence"
"218","K","ASV_562",2.11565596515997,0.99975,0.00025,TRUE,"positive","  4.05959063","k__Fungi","p__Ascomycota","c__Dothideomycetes","o__Pleosporales","f__Phaeosphaeriaceae","g__Didymocyrtis","s__cladoniicola","Presence"
"219","K","ASV_630",2.22304272269057,0.99875,0.00125,TRUE,"positive","  2.63768054","k__Fungi","p__Ascomycota","c__Eurotiomycetes","o__Chaetothyriales","f__Trichomeriaceae",NA,NA,"Presence"
"220","K","ASV_246",2.35336362479015,1,0,TRUE,"positive","  5.17101748","k__Fungi","p__Ascomycota","c__Dothideomycetes","o__Pleosporales","f__Didymellaceae",NA,NA,"Presence"
"221","K","ASV_458",2.44912498351543,1,0,TRUE,"positive"," -1.36892761","k__Fungi","p__Basidiomycota","c__Tremellomycetes","o__Tremellales","f__Bulleribasidiaceae","g__Bulleribasidium",NA,"Presence"
"222","K","ASV_877",2.45367920536117,1,0,TRUE,"positive"," -2.07400379","k__Fungi","p__Basidiomycota","c__Agaricostilbomycetes","o__Agaricostilbales","f__Ruineniaceae","g__Ruinenia",NA,"Presence"
"223","K","ASV_2516",2.48419510192931,1,0,TRUE,"positive"," -2.10412634","k__Fungi","p__Basidiomycota","c__Agaricostilbomycetes","o__Agaricostilbales",NA,NA,NA,"Presence"
"224","K","ASV_1518",2.49314915981261,1,0,TRUE,"positive","  2.57957637","k__Fungi","p__Ascomycota","c__Sordariomycetes","o__Trichosphaeriales","f__Trichosphaeriaceae","g__Nigrospora",NA,"Presence"
"225","K","ASV_1738",2.62813898377211,0.99975,0.00025,TRUE,"positive"," -1.61544605","k__Fungi","p__Basidiomycota","c__Tremellomycetes","o__Tremellales",NA,NA,NA,"Presence"
"226","K","ASV_460",2.78685710777929,1,0,TRUE,"positive","  3.68993700","k__Fungi","p__Ascomycota","c__Eurotiomycetes","o__Chaetothyriales",NA,NA,NA,"Presence"
"227","K","ASV_927",2.94621542167895,1,0,TRUE,"positive","  3.56753564","k__Fungi","p__Ascomycota","c__Dothideomycetes","o__Pleosporales","f__Didymosphaeriaceae","g__Pseudopithomyces","s__rosae","Presence"
"228","K","ASV_1055",3.00145073928228,1,0,TRUE,"positive","  3.68061001","k__Fungi","p__Ascomycota","c__Eurotiomycetes","o__Chaetothyriales",NA,NA,NA,"Presence"
"229","K","ASV_2608",3.03148861128602,0.99975,0.00025,TRUE,"positive"," -2.10608621","k__Fungi","p__Basidiomycota","c__Agaricostilbomycetes","o__Agaricostilbales","f__Kondoaceae","g__Bensingtonia",NA,"Presence"
"230","K","ASV_256",3.12471669152038,1,0,TRUE,"positive","  4.53962404","k__Fungi","p__Ascomycota","c__Dothideomycetes","o__Pleosporales","f__Phaeosphaeriaceae",NA,NA,"Presence"
"231","K","ASV_2638",3.60864420664018,1,0,TRUE,"positive","  2.08557924","k__Fungi","p__Ascomycota","c__Lecanoromycetes","o__Ostropales","f__Gomphillaceae","g__Corticifraga","s__peltigerae","Presence"
"232","lib","ASV_177",2.20093508000122e-05,0.959,0.041,TRUE,"positive","  2.58822574","k__Fungi","p__Ascomycota","c__Sordariomycetes","o__Trichosphaeriales","f__Trichosphaeriaceae","g__Nigrospora",NA,"Presence"
"233","lib","ASV_182",2.29080901629974e-05,0.96175,0.03825,TRUE,"positive"," -1.17452859","k__Fungi","p__Basidiomycota","c__Tremellomycetes","o__Tremellales","f__Bulleribasidiaceae","g__Hannaella",NA,"Presence"
"234","lib","ASV_2234",2.32895488934855e-05,0.96775,0.03225,TRUE,"positive"," -2.17105649","k__Fungi","p__Basidiomycota",NA,NA,NA,NA,NA,"Presence"
"235","lib","ASV_64",2.33720568431685e-05,0.9555,0.0445,TRUE,"positive","  0.10576736","k__Fungi","p__Ascomycota","c__Dothideomycetes","o__Pleosporales","f__Leptosphaeriaceae",NA,NA,"Presence"
"236","lib","ASV_856",2.36055172050516e-05,0.9735,0.0265,TRUE,"positive"," -2.13528342","k__Fungi","p__Basidiomycota","c__Exobasidiomycetes","o__Exobasidiales","f__Brachybasidiaceae","g__Meira","s__argovae","Presence"
"237","lib","ASV_458",2.40027645713855e-05,0.964,0.036,TRUE,"positive"," -1.36892761","k__Fungi","p__Basidiomycota","c__Tremellomycetes","o__Tremellales","f__Bulleribasidiaceae","g__Bulleribasidium",NA,"Presence"
"238","lib","ASV_1219",2.43282712520654e-05,0.95925,0.04075,TRUE,"positive"," -1.96937281","k__Fungi","p__Basidiomycota","c__Spiculogloeomycetes","o__Spiculogloeales","f__Spiculogloeaceae","g__Phyllozyma","s__novozealandica","Presence"
"239","lib","ASV_294",2.48141923884254e-05,0.96575,0.03425,TRUE,"positive","  1.97813572","k__Fungi","p__Ascomycota",NA,NA,NA,NA,NA,"Presence"
"240","lib","ASV_1345",2.53145527852386e-05,0.97325,0.02675,TRUE,"positive"," -2.07721298","k__Fungi","p__Basidiomycota","c__Cystobasidiomycetes","o__Erythrobasidiales","f__Erythrobasidiaceae","g__Erythrobasidium","s__hasegawianum","Presence"
"241","lib","ASV_649",2.56320349809849e-05,0.97175,0.02825,TRUE,"positive"," -2.06668390","k__Fungi","p__Basidiomycota","c__Cystobasidiomycetes","o__Erythrobasidiales","f__Erythrobasidiaceae","g__Erythrobasidium",NA,"Presence"
"242","lib","ASV_2608",2.65354472405902e-05,0.95725,0.04275,TRUE,"positive"," -2.10608621","k__Fungi","p__Basidiomycota","c__Agaricostilbomycetes","o__Agaricostilbales","f__Kondoaceae","g__Bensingtonia",NA,"Presence"
"243","lib","ASV_236",2.65711545865598e-05,0.9865,0.0135,TRUE,"positive"," -1.05568313","k__Fungi","p__Basidiomycota","c__Tremellomycetes","o__Tremellales","f__Bulleribasidiaceae","g__Hannaella","s__pagnoccae","Presence"
"244","lib","ASV_327",2.66461553239432e-05,0.9645,0.0355,TRUE,"positive","  4.89611069","k__Fungi","p__Ascomycota","c__Dothideomycetes","o__Capnodiales","f__Teratosphaeriaceae",NA,NA,"Presence"
"245","lib","ASV_15",2.6676671818173e-05,0.97025,0.02975,TRUE,"positive","  3.85599636","k__Fungi","p__Ascomycota","c__Eurotiomycetes","o__Chaetothyriales",NA,NA,NA,"Presence"
"246","lib","ASV_208",2.67744659803328e-05,0.98125,0.01875,TRUE,"positive","  2.67843341","k__Fungi","p__Ascomycota","c__Eurotiomycetes","o__Chaetothyriales","f__Chaetothyriales_fam_Incertae_sedis","g__Strelitziana",NA,"Presence"
"247","lib","ASV_2689",2.77867162643535e-05,0.9775,0.0225,TRUE,"positive","-16.74361483","k__Fungi","p__Basidiomycota","c__Pucciniomycetes","o__Pucciniales","f__Pucciniaceae","g__Puccinia","s__emaculata","Presence"
"248","lib","ASV_157",2.81147281150429e-05,0.982,0.018,TRUE,"positive","  4.01435355","k__Fungi","p__Ascomycota","c__Dothideomycetes","o__Capnodiales","f__Mycosphaerellaceae",NA,NA,"Presence"
"249","lib","ASV_3",2.81983843617469e-05,0.9925,0.0075,TRUE,"positive","-18.44743460","k__Fungi","p__Basidiomycota","c__Pucciniomycetes","o__Pucciniales","f__Pucciniaceae","g__Puccinia","s__emaculata","Presence"
"250","lib","ASV_2675",2.85985908354878e-05,0.98075,0.01925,TRUE,"positive"," -2.07261181","k__Fungi","p__Basidiomycota","c__Cystobasidiomycetes","o__Erythrobasidiales","f__Erythrobasidiaceae","g__Erythrobasidium",NA,"Presence"
"251","lib","ASV_3914",2.92734723126527e-05,0.98575,0.01425,TRUE,"positive"," -2.17252210","k__Fungi","p__Basidiomycota",NA,NA,NA,NA,NA,"Presence"
"252","lib","ASV_796",2.93917417738881e-05,0.99275,0.00725,TRUE,"positive"," -1.87029412","k__Fungi","p__Basidiomycota","c__Tremellomycetes",NA,NA,NA,NA,"Presence"
"253","lib","ASV_1018",2.96566650246928e-05,0.9805,0.0195,TRUE,"positive"," -2.06949382","k__Fungi","p__Basidiomycota","c__Cystobasidiomycetes","o__Erythrobasidiales","f__Erythrobasidiaceae","g__Erythrobasidium",NA,"Presence"
"254","lib","ASV_1519",2.9669398101906e-05,0.98825,0.01175,TRUE,"positive"," -1.63076094","k__Fungi","p__Basidiomycota","c__Tremellomycetes","o__Tremellales","f__Rhynchogastremataceae","g__Papiliotrema","s__fusca","Presence"
"255","lib","ASV_434",2.97696178999834e-05,0.99075,0.00925,TRUE,"positive","  3.68054287","k__Fungi","p__Ascomycota","c__Eurotiomycetes","o__Chaetothyriales",NA,NA,NA,"Presence"
"256","lib","ASV_419",3.02669649609637e-05,0.99125,0.00875,TRUE,"positive"," -1.38050728","k__Fungi","p__Basidiomycota","c__Tremellomycetes","o__Tremellales","f__Bulleribasidiaceae","g__Bulleribasidium",NA,"Presence"
"257","lib","ASV_18",3.02769318762839e-05,0.994,0.006,TRUE,"positive","-17.20495311","k__Fungi","p__Basidiomycota","c__Pucciniomycetes","o__Pucciniales","f__Pucciniaceae","g__Puccinia","s__emaculata","Presence"
"258","lib","ASV_52",3.04399370923556e-05,0.992,0.008,TRUE,"positive","  4.93823329","k__Fungi","p__Ascomycota","c__Dothideomycetes","o__Pleosporales","f__Phaeosphaeriaceae","g__Phaeosphaeria",NA,"Presence"
"259","lib","ASV_1026",3.14135138564034e-05,0.991,0.009,TRUE,"positive","  3.53789667","k__Fungi","p__Ascomycota","c__Dothideomycetes","o__Pleosporales","f__Pleosporaceae",NA,NA,"Presence"
"260","lib","ASV_368",3.16328241822494e-05,0.983,0.017,TRUE,"positive","-16.76804630","k__Fungi","p__Basidiomycota","c__Pucciniomycetes","o__Pucciniales","f__Pucciniaceae","g__Puccinia","s__emaculata","Presence"
"261","lib","ASV_22",3.17123189715939e-05,0.98875,0.01125,TRUE,"positive","  4.60187019","k__Fungi","p__Ascomycota","c__Dothideomycetes","o__Pleosporales","f__Phaeosphaeriaceae",NA,NA,"Presence"
"262","lib","ASV_91",3.2141978443432e-05,0.98175,0.01825,TRUE,"positive","  3.99245421","k__Fungi","p__Ascomycota","c__Dothideomycetes","o__Capnodiales","f__Mycosphaerellaceae",NA,NA,"Presence"
"263","lib","ASV_2180",3.28582599875968e-05,0.991,0.009,TRUE,"positive","-11.89470463","k__Fungi","p__Basidiomycota","c__Pucciniomycetes","o__Pucciniales","f__Pucciniaceae","g__Puccinia",NA,"Presence"
"264","lib","ASV_735",3.3036149460378e-05,0.9875,0.0125,TRUE,"positive","  4.06777866","k__Fungi","p__Ascomycota","c__Dothideomycetes","o__Capnodiales","f__Neodevriesiaceae","g__Neodevriesia","s__poagena","Presence"
"265","lib","ASV_572",3.34627207865574e-05,0.997,0.003,TRUE,"positive"," -1.58736448","k__Fungi","p__Basidiomycota","c__Tremellomycetes","o__Tremellales","f__Trimorphomycetaceae","g__Saitozyma",NA,"Presence"
"266","lib","ASV_83",3.40461986045452e-05,0.998,0.002,TRUE,"positive","  4.48706569","k__Fungi","p__Ascomycota","c__Dothideomycetes","o__Pleosporales",NA,NA,NA,"Presence"
"267","lib","ASV_66",3.51600605889281e-05,0.9985,0.0015,TRUE,"positive","  5.20083850","k__Fungi","p__Ascomycota","c__Dothideomycetes","o__Pleosporales","f__Didymellaceae",NA,NA,"Presence"
"268","lib","ASV_2171",3.5812550139646e-05,0.99075,0.00925,TRUE,"positive"," -2.08049597","k__Fungi","p__Basidiomycota","c__Agaricostilbomycetes","o__Agaricostilbales","f__Ruineniaceae","g__Ruinenia","s__pyrrosiae","Presence"
"269","lib","ASV_531",3.59608712729889e-05,0.99925,0.00075,TRUE,"positive","  2.64449124","k__Fungi","p__Ascomycota","c__Eurotiomycetes","o__Chaetothyriales","f__Herpotrichiellaceae","g__Phialophora","s__livistonae","Presence"
"270","lib","ASV_1502",3.63450667883157e-05,0.99575,0.00425,TRUE,"positive","-16.74792106","k__Fungi","p__Basidiomycota","c__Pucciniomycetes","o__Pucciniales","f__Pucciniaceae","g__Puccinia","s__emaculata","Presence"
"271","lib","ASV_1237",3.6380378431621e-05,0.99475,0.00525,TRUE,"positive","  2.63077942","k__Fungi","p__Ascomycota","c__Eurotiomycetes","o__Chaetothyriales","f__Herpotrichiellaceae",NA,NA,"Presence"
"272","lib","ASV_861",3.71341437199857e-05,0.9915,0.0085,TRUE,"positive","  5.15019537","k__Fungi","p__Ascomycota","c__Dothideomycetes","o__Pleosporales","f__Didymellaceae",NA,NA,"Presence"
"273","lib","ASV_272",3.71455174317545e-05,0.99875,0.00125,TRUE,"positive","  4.07188851","k__Fungi","p__Ascomycota","c__Dothideomycetes","o__Capnodiales","f__Neodevriesiaceae","g__Neodevriesia",NA,"Presence"
"274","lib","ASV_406",3.72656384695097e-05,0.99925,0.00075,TRUE,"positive"," -1.57637279","k__Fungi","p__Basidiomycota","c__Tremellomycetes","o__Tremellales","f__Bulleraceae","g__Bullera","s__penniseticola","Presence"
"275","lib","ASV_255",3.75830946694111e-05,0.99875,0.00125,TRUE,"positive"," -2.08917105","k__Fungi","p__Basidiomycota","c__Agaricostilbomycetes","o__Agaricostilbales","f__Ruineniaceae","g__Ruinenia",NA,"Presence"
"276","lib","ASV_235",3.78068926800777e-05,0.99975,0.00025,TRUE,"positive","  3.55915737","k__Fungi","p__Ascomycota","c__Dothideomycetes","o__Pleosporales","f__Lentitheciaceae","g__Keissleriella",NA,"Presence"
"277","lib","ASV_138",4.03066604558013e-05,0.99875,0.00125,TRUE,"positive"," -2.08344031","k__Fungi","p__Basidiomycota","c__Cystobasidiomycetes","o__Erythrobasidiales","f__Erythrobasidiaceae","g__Erythrobasidium",NA,"Presence"
"278","lib","ASV_3289",4.03693066742744e-05,0.99775,0.00225,TRUE,"positive"," -1.43436625","k__Fungi","p__Basidiomycota","c__Tremellomycetes","o__Tremellales","f__Bulleribasidiaceae","g__Dioszegia",NA,"Presence"
"279","lib","ASV_4",4.1470834721015e-05,0.99825,0.00175,TRUE,"positive","  3.73057868","k__Fungi","p__Ascomycota","c__Dothideomycetes","o__Capnodiales","f__Dissoconiaceae","g__Dissoconium",NA,"Presence"
"280","lib","ASV_6",4.19995894275768e-05,0.99975,0.00025,TRUE,"positive","  7.95894113","k__Fungi","p__Ascomycota","c__Dothideomycetes","o__Capnodiales","f__Teratosphaeriaceae","g__Hyweljonesia","s__queenslandica","Presence"
"281","lib","ASV_1170",4.21706391239039e-05,0.99875,0.00125,TRUE,"positive","  2.62856567","k__Fungi","p__Ascomycota","c__Eurotiomycetes","o__Chaetothyriales","f__Herpotrichiellaceae",NA,NA,"Presence"
"282","lib","ASV_170",4.27709173317955e-05,0.9995,5e-04,TRUE,"positive","  4.82639369","k__Fungi","p__Ascomycota","c__Dothideomycetes","o__Pleosporales","f__Phaeosphaeriaceae","g__Phaeosphaeria",NA,"Presence"
"283","lib","ASV_3610",4.28141944365931e-05,0.999,0.001,TRUE,"positive"," -2.13038568","k__Fungi","p__Basidiomycota","c__Cystobasidiomycetes","o__Cystobasidiomycetes_ord_Incertae_sedis","f__Symmetrosporaceae","g__Symmetrospora",NA,"Presence"
"284","lib","ASV_392",4.40023402785869e-05,0.99925,0.00075,TRUE,"positive"," -1.57946217","k__Fungi","p__Basidiomycota","c__Tremellomycetes","o__Tremellales","f__Trimorphomycetaceae","g__Saitozyma","s__flava","Presence"
"285","lib","ASV_68",4.74720181514792e-05,0.9995,5e-04,TRUE,"positive"," -1.39884147","k__Fungi","p__Basidiomycota","c__Tremellomycetes","o__Tremellales","f__Cuniculitremaceae","g__Kockovaella",NA,"Presence"
"286","lib","ASV_98",4.77231887403588e-05,0.99975,0.00025,TRUE,"positive"," -2.02932300","k__Fungi","p__Basidiomycota","c__Agaricostilbomycetes","o__Agaricostilbales","f__Ruineniaceae","g__Ruinenia","s__diospyri","Presence"
"287","lib","ASV_1925",4.82433512146717e-05,1,0,TRUE,"positive","-16.74600948","k__Fungi","p__Basidiomycota","c__Pucciniomycetes","o__Pucciniales","f__Pucciniaceae","g__Puccinia","s__emaculata","Presence"
"288","lib","ASV_7",4.8694506663975e-05,1,0,TRUE,"positive"," -0.56796858","k__Fungi","p__Ascomycota","c__Dothideomycetes","o__Pleosporales","f__Leptosphaeriaceae",NA,NA,"Presence"
"289","lib","ASV_53",4.89618623243563e-05,0.9985,0.0015,TRUE,"positive","  4.44596898","k__Fungi","p__Ascomycota","c__Dothideomycetes","o__Capnodiales","f__Cladosporiaceae","g__Cladosporium",NA,"Presence"
"290","lib","ASV_313",4.96699605943936e-05,1,0,TRUE,"positive","  4.82210707","k__Fungi","p__Ascomycota","c__Dothideomycetes","o__Pleosporales","f__Phaeosphaeriaceae","g__Phaeosphaeria",NA,"Presence"
"291","lib","ASV_975",5.04506750575014e-05,0.9995,5e-04,TRUE,"positive"," -1.60419936","k__Fungi","p__Basidiomycota","c__Tremellomycetes","o__Tremellales","f__Bulleraceae","g__Genolevuria",NA,"Presence"
"292","lib","ASV_259",5.14334446616521e-05,1,0,TRUE,"positive","  2.62490006","k__Fungi","p__Ascomycota","c__Eurotiomycetes","o__Chaetothyriales","f__Herpotrichiellaceae",NA,NA,"Presence"
"293","lib","ASV_39",5.18673037524377e-05,0.99925,0.00075,TRUE,"positive","  3.88934887","k__Fungi","p__Ascomycota","c__Dothideomycetes","o__Dothideales","f__Aureobasidiaceae","g__Aureobasidium","s__pullulans","Presence"
"294","lib","ASV_1206",5.48176605498797e-05,1,0,TRUE,"positive","  4.42261718","k__Fungi","p__Ascomycota","c__Dothideomycetes","o__Pleosporales",NA,NA,NA,"Presence"
"295","lib","ASV_3084",5.53675000524474e-05,1,0,TRUE,"positive"," -2.15570865","k__Fungi","p__Basidiomycota","c__Microbotryomycetes","o__Microbotryomycetes_ord_Incertae_sedis","f__Chrysozymaceae","g__Chrysozyma","s__griseoflava","Presence"
"296","lib","ASV_41",5.56900502238577e-05,1,0,TRUE,"positive","  2.09667783","k__Fungi","p__Ascomycota","c__Lecanoromycetes","o__Ostropales","f__Gomphillaceae","g__Corticifraga","s__peltigerae","Presence"
"297","lib","ASV_24",5.6718805719826e-05,0.99975,0.00025,TRUE,"positive","  4.90224238","k__Fungi","p__Ascomycota","c__Dothideomycetes","o__Pleosporales","f__Phaeosphaeriaceae","g__Phaeosphaeria",NA,"Presence"
"298","lib","ASV_2",5.97683249848854e-05,1,0,TRUE,"positive","  5.38297741","k__Fungi","p__Ascomycota","c__Sordariomycetes","o__Xylariales","f__Microdochiaceae","g__Microdochium","s__seminicola","Presence"
"299","lib","ASV_339",6.55901830747048e-05,1,0,TRUE,"positive"," -2.04215526","k__Fungi","p__Basidiomycota","c__Agaricostilbomycetes","o__Agaricostilbales","f__Ruineniaceae","g__Ruinenia","s__diospyri","Presence"
"300","max.height.m","ASV_373",-1.78515960373466,0,1,TRUE,"negative","  4.42859917","k__Fungi","p__Ascomycota","c__Dothideomycetes","o__Pleosporales",NA,NA,NA,"Presence"
"301","max.height.m","ASV_194",-1.65090551816297,0,1,TRUE,"negative","  4.13276439","k__Fungi","p__Ascomycota","c__Sordariomycetes","o__Xylariales","f__Microdochiaceae","g__Microdochium",NA,"Presence"
"302","max.height.m","ASV_115",-1.57669652293155,0,1,TRUE,"negative"," -2.17771762","k__Fungi","p__Basidiomycota",NA,NA,NA,NA,NA,"Presence"
"303","max.height.m","ASV_7208",-1.54407726539251,0,1,TRUE,"negative"," -1.25398038","k__Fungi","p__Basidiomycota","c__Tremellomycetes","o__Tremellales","f__Bulleribasidiaceae","g__Hannaella","s__sinensis","Presence"
"304","max.height.m","ASV_646",-1.32902809045273,0,1,TRUE,"negative","  4.05597261","k__Fungi","p__Ascomycota","c__Dothideomycetes","o__Pleosporales","f__Phaeosphaeriaceae","g__Didymocyrtis","s__cladoniicola","Presence"
"305","max.height.m","ASV_644",-1.11581442606419,0.01075,0.98925,TRUE,"negative","  4.10704743","k__Fungi","p__Ascomycota","c__Sordariomycetes","o__Xylariales","f__Microdochiaceae","g__Microdochium",NA,"Presence"
"306","max.height.m","ASV_833",-1.11205234266998,0.00225,0.99775,TRUE,"negative"," -2.13524015","k__Fungi","p__Basidiomycota","c__Exobasidiomycetes","o__Golubeviales","f__Golubeviaceae","g__Golubevia","s__pallescens","Presence"
"307","max.height.m","ASV_4007",-1.09851993868251,0.007,0.993,TRUE,"negative"," -0.07859416","k__Fungi","p__Mucoromycota","c__Mucoromycetes","o__Mucorales","f__Choanephoraceae","g__Blakeslea","s__trispora","Presence"
"308","max.height.m","ASV_727",-0.932856728613899,0.0225,0.9775,TRUE,"negative","  4.37457014","k__Fungi","p__Ascomycota","c__Dothideomycetes","o__Capnodiales","f__Cladosporiaceae","g__Cladosporium",NA,"Presence"
"309","max.height.m","ASV_55",-0.914578379453631,0.005,0.995,TRUE,"negative"," -0.97008483","k__Fungi","p__Basidiomycota","c__Tremellomycetes","o__Tremellales","f__Bulleribasidiaceae","g__Hannaella","s__pagnoccae","Presence"
"310","max.height.m","ASV_600",-0.910695066260788,0.0175,0.9825,TRUE,"negative","  4.52188172","k__Fungi","p__Ascomycota","c__Dothideomycetes","o__Pleosporales","f__Phaeosphaeriaceae",NA,NA,"Presence"
"311","max.height.m","ASV_1342",-0.888770958420348,0.01675,0.98325,TRUE,"negative"," -2.14359951","k__Fungi","p__Basidiomycota","c__Microbotryomycetes","o__Sporidiobolales","f__Sporidiobolaceae","g__Sporobolomyces",NA,"Presence"
"312","max.height.m","ASV_182",-0.879324923949582,0.009,0.991,TRUE,"negative"," -1.17452859","k__Fungi","p__Basidiomycota","c__Tremellomycetes","o__Tremellales","f__Bulleribasidiaceae","g__Hannaella",NA,"Presence"
"313","max.height.m","ASV_639",-0.872187378874201,0.0185,0.9815,TRUE,"negative","  4.42484990","k__Fungi","p__Ascomycota","c__Dothideomycetes","o__Pleosporales",NA,NA,NA,"Presence"
"314","max.height.m","ASV_161",-0.867371243629849,0.034,0.966,TRUE,"negative","  3.61003403","k__Fungi","p__Ascomycota","c__Dothideomycetes","o__Pleosporales","f__Cucurbitariaceae","g__Pyrenochaetopsis","s__tabarestanensis","Presence"
"315","max.height.m","ASV_717",-0.854099128752648,0.021,0.979,TRUE,"negative"," -2.06611665","k__Fungi","p__Basidiomycota","c__Cystobasidiomycetes","o__Erythrobasidiales","f__Erythrobasidiaceae","g__Erythrobasidium",NA,"Presence"
"316","max.height.m","ASV_17",-0.831465460031679,0.012,0.988,TRUE,"negative","  5.39440008","k__Fungi","p__Ascomycota","c__Dothideomycetes","o__Pleosporales","f__Didymellaceae",NA,NA,"Presence"
"317","max.height.m","ASV_6",-0.829959803589352,0.01125,0.98875,TRUE,"negative","  7.95894113","k__Fungi","p__Ascomycota","c__Dothideomycetes","o__Capnodiales","f__Teratosphaeriaceae","g__Hyweljonesia","s__queenslandica","Presence"
"318","max.height.m","ASV_217",-0.826490745340516,0.036,0.964,TRUE,"negative","  5.18194518","k__Fungi","p__Ascomycota","c__Dothideomycetes","o__Pleosporales","f__Didymellaceae",NA,NA,"Presence"
"319","max.height.m","ASV_2101",-0.825630020166039,0.0265,0.9735,TRUE,"negative","  3.00006244","k__Fungi","p__Ascomycota","c__Sordariomycetes","o__Xylariales","f__Sporocadaceae","g__Neopestalotiopsis",NA,"Presence"
"320","max.height.m","ASV_294",-0.810729341936655,0.0345,0.9655,TRUE,"negative","  1.97813572","k__Fungi","p__Ascomycota",NA,NA,NA,NA,NA,"Presence"
"321","max.height.m","ASV_392",-0.792684289465966,0.01525,0.98475,TRUE,"negative"," -1.57946217","k__Fungi","p__Basidiomycota","c__Tremellomycetes","o__Tremellales","f__Trimorphomycetaceae","g__Saitozyma","s__flava","Presence"
"322","max.height.m","ASV_177",-0.765121356638448,0.01475,0.98525,TRUE,"negative","  2.58822574","k__Fungi","p__Ascomycota","c__Sordariomycetes","o__Trichosphaeriales","f__Trichosphaeriaceae","g__Nigrospora",NA,"Presence"
"323","max.height.m","ASV_531",-0.727928643246209,0.0215,0.9785,TRUE,"negative","  2.64449124","k__Fungi","p__Ascomycota","c__Eurotiomycetes","o__Chaetothyriales","f__Herpotrichiellaceae","g__Phialophora","s__livistonae","Presence"
"324","max.height.m","ASV_399",-0.72053322775138,0.04625,0.95375,TRUE,"negative","  4.43253157","k__Fungi","p__Ascomycota","c__Dothideomycetes","o__Pleosporales",NA,NA,NA,"Presence"
"325","max.height.m","ASV_71",-0.672837926221932,0.029,0.971,TRUE,"negative","  4.56117543","k__Fungi","p__Ascomycota","c__Dothideomycetes","o__Pleosporales","f__Phaeosphaeriaceae",NA,NA,"Presence"
"326","max.height.m","ASV_32",0.73975473630602,0.9615,0.0385,TRUE,"positive","-16.86895652","k__Fungi","p__Basidiomycota","c__Pucciniomycetes","o__Pucciniales","f__Pucciniaceae","g__Puccinia","s__emaculata","Presence"
"327","max.height.m","ASV_7",0.76406647820715,0.9795,0.0205,TRUE,"positive"," -0.56796858","k__Fungi","p__Ascomycota","c__Dothideomycetes","o__Pleosporales","f__Leptosphaeriaceae",NA,NA,"Presence"
"328","max.height.m","ASV_52",0.875255742736195,0.98875,0.01125,TRUE,"positive","  4.93823329","k__Fungi","p__Ascomycota","c__Dothideomycetes","o__Pleosporales","f__Phaeosphaeriaceae","g__Phaeosphaeria",NA,"Presence"
"329","max.height.m","ASV_473",0.877553761458018,0.98925,0.01075,TRUE,"positive","  2.57329239","k__Fungi","p__Ascomycota","c__Sordariomycetes","o__Trichosphaeriales","f__Trichosphaeriaceae","g__Nigrospora","s__bambusae","Presence"
"330","max.height.m","ASV_1502",0.925126740819247,0.9735,0.0265,TRUE,"positive","-16.74792106","k__Fungi","p__Basidiomycota","c__Pucciniomycetes","o__Pucciniales","f__Pucciniaceae","g__Puccinia","s__emaculata","Presence"
"331","max.height.m","ASV_2",1.0563223094461,0.99625,0.00375,TRUE,"positive","  5.38297741","k__Fungi","p__Ascomycota","c__Sordariomycetes","o__Xylariales","f__Microdochiaceae","g__Microdochium","s__seminicola","Presence"
"332","max.height.m","ASV_208",1.14150403993575,0.9965,0.0035,TRUE,"positive","  2.67843341","k__Fungi","p__Ascomycota","c__Eurotiomycetes","o__Chaetothyriales","f__Chaetothyriales_fam_Incertae_sedis","g__Strelitziana",NA,"Presence"
"333","P","ASV_217",-1.46921138322577,0,1,TRUE,"negative","  5.18194518","k__Fungi","p__Ascomycota","c__Dothideomycetes","o__Pleosporales","f__Didymellaceae",NA,NA,"Presence"
"334","P","ASV_135",-1.43083886342194,0,1,TRUE,"negative","  3.71487476","k__Fungi","p__Ascomycota","c__Eurotiomycetes","o__Chaetothyriales",NA,NA,NA,"Presence"
"335","P","ASV_1738",-1.30509045360688,0.00325,0.99675,TRUE,"negative"," -1.61544605","k__Fungi","p__Basidiomycota","c__Tremellomycetes","o__Tremellales",NA,NA,NA,"Presence"
"336","P","ASV_256",-1.25238482550077,0.00075,0.99925,TRUE,"negative","  4.53962404","k__Fungi","p__Ascomycota","c__Dothideomycetes","o__Pleosporales","f__Phaeosphaeriaceae",NA,NA,"Presence"
"337","P","ASV_182",-1.23841891904051,0,1,TRUE,"negative"," -1.17452859","k__Fungi","p__Basidiomycota","c__Tremellomycetes","o__Tremellales","f__Bulleribasidiaceae","g__Hannaella",NA,"Presence"
"338","P","ASV_2638",-1.13144554553774,0.01075,0.98925,TRUE,"negative","  2.08557924","k__Fungi","p__Ascomycota","c__Lecanoromycetes","o__Ostropales","f__Gomphillaceae","g__Corticifraga","s__peltigerae","Presence"
"339","P","ASV_246",-1.12026794236568,0.001,0.999,TRUE,"negative","  5.17101748","k__Fungi","p__Ascomycota","c__Dothideomycetes","o__Pleosporales","f__Didymellaceae",NA,NA,"Presence"
"340","P","ASV_4425",-1.10731108741085,0.00825,0.99175,TRUE,"negative","  1.96093100","k__Fungi","p__Ascomycota",NA,NA,NA,NA,NA,"Presence"
"341","P","ASV_52",-1.09890249078376,0,1,TRUE,"negative","  4.93823329","k__Fungi","p__Ascomycota","c__Dothideomycetes","o__Pleosporales","f__Phaeosphaeriaceae","g__Phaeosphaeria",NA,"Presence"
"342","P","ASV_828",-1.09786038540505,0.015,0.985,TRUE,"negative","  3.55206675","k__Fungi","p__Ascomycota","c__Dothideomycetes","o__Pleosporales","f__Cucurbitariaceae","g__Pyrenochaetopsis","s__leptospora","Presence"
"343","P","ASV_2855",-1.05241586851847,0.0165,0.9835,TRUE,"negative"," -1.44676097","k__Fungi","p__Basidiomycota","c__Tremellomycetes","o__Tremellales","f__Cuniculitremaceae","g__Kockovaella",NA,"Presence"
"344","P","ASV_927",-1.03368511938189,0.02575,0.97425,TRUE,"negative","  3.56753564","k__Fungi","p__Ascomycota","c__Dothideomycetes","o__Pleosporales","f__Didymosphaeriaceae","g__Pseudopithomyces","s__rosae","Presence"
"345","P","ASV_511",-1.02090085269566,0.02575,0.97425,TRUE,"negative","  1.95030130","k__Fungi","p__Ascomycota",NA,NA,NA,NA,NA,"Presence"
"346","P","ASV_5642",-0.984480773894813,0.0095,0.9905,TRUE,"negative"," -1.25376567","k__Fungi","p__Basidiomycota","c__Tremellomycetes","o__Tremellales","f__Bulleribasidiaceae","g__Hannaella","s__sinensis","Presence"
"347","P","ASV_6",-0.976469351773168,0.00025,0.99975,TRUE,"negative","  7.95894113","k__Fungi","p__Ascomycota","c__Dothideomycetes","o__Capnodiales","f__Teratosphaeriaceae","g__Hyweljonesia","s__queenslandica","Presence"
"348","P","ASV_1345",-0.972303433444186,0.00775,0.99225,TRUE,"negative"," -2.07721298","k__Fungi","p__Basidiomycota","c__Cystobasidiomycetes","o__Erythrobasidiales","f__Erythrobasidiaceae","g__Erythrobasidium","s__hasegawianum","Presence"
"349","P","ASV_1075",-0.970591021030212,0.01525,0.98475,TRUE,"negative","  2.58062743","k__Fungi","p__Ascomycota","c__Sordariomycetes","o__Trichosphaeriales","f__Trichosphaeriaceae","g__Nigrospora","s__oryzae","Presence"
"350","P","ASV_717",-0.969114031493904,0.004,0.996,TRUE,"negative"," -2.06611665","k__Fungi","p__Basidiomycota","c__Cystobasidiomycetes","o__Erythrobasidiales","f__Erythrobasidiaceae","g__Erythrobasidium",NA,"Presence"
"351","P","ASV_804",-0.938760996651394,0.01225,0.98775,TRUE,"negative","  4.42970894","k__Fungi","p__Ascomycota","c__Dothideomycetes","o__Pleosporales",NA,NA,NA,"Presence"
"352","P","ASV_2552",-0.936622056205258,0.0235,0.9765,TRUE,"negative"," -2.16792002","k__Fungi","p__Basidiomycota","c__Atractiellomycetes","o__Atractiellales","f__Phleogenaceae","g__Atractidochium","s__hillariae","Presence"
"353","P","ASV_1055",-0.927999495856567,0.021,0.979,TRUE,"negative","  3.68061001","k__Fungi","p__Ascomycota","c__Eurotiomycetes","o__Chaetothyriales",NA,NA,NA,"Presence"
"354","P","ASV_393",-0.919159713473298,0.009,0.991,TRUE,"negative","  4.81954320","k__Fungi","p__Ascomycota","c__Dothideomycetes","o__Pleosporales","f__Phaeosphaeriaceae","g__Phaeosphaeria",NA,"Presence"
"355","P","ASV_806",-0.913972051987425,0.00225,0.99775,TRUE,"negative"," -2.03902553","k__Fungi","p__Basidiomycota","c__Agaricostilbomycetes","o__Agaricostilbales","f__Ruineniaceae","g__Ruinenia","s__diospyri","Presence"
"356","P","ASV_458",-0.910889106100852,0.0045,0.9955,TRUE,"negative"," -1.36892761","k__Fungi","p__Basidiomycota","c__Tremellomycetes","o__Tremellales","f__Bulleribasidiaceae","g__Bulleribasidium",NA,"Presence"
"357","P","ASV_496",-0.900985554517665,0.019,0.981,TRUE,"negative","  2.58636329","k__Fungi","p__Ascomycota","c__Sordariomycetes","o__Trichosphaeriales","f__Trichosphaeriaceae","g__Nigrospora","s__oryzae","Presence"
"358","P","ASV_460",-0.893907245877152,0.01925,0.98075,TRUE,"negative","  3.68993700","k__Fungi","p__Ascomycota","c__Eurotiomycetes","o__Chaetothyriales",NA,NA,NA,"Presence"
"359","P","ASV_2244",-0.891701983518713,0.018,0.982,TRUE,"negative","  3.67632164","k__Fungi","p__Ascomycota","c__Eurotiomycetes","o__Chaetothyriales",NA,NA,NA,"Presence"
"360","P","ASV_562",-0.865596342992924,0.011,0.989,TRUE,"negative","  4.05959063","k__Fungi","p__Ascomycota","c__Dothideomycetes","o__Pleosporales","f__Phaeosphaeriaceae","g__Didymocyrtis","s__cladoniicola","Presence"
"361","P","ASV_2010",-0.803497868761918,0.018,0.982,TRUE,"negative"," -2.07940264","k__Fungi","p__Basidiomycota","c__Cystobasidiomycetes","o__Erythrobasidiales","f__Erythrobasidiaceae","g__Erythrobasidium","s__hasegawianum","Presence"
"362","P","ASV_1364",-0.802115876525085,0.03025,0.96975,TRUE,"negative","  5.14396239","k__Fungi","p__Ascomycota","c__Dothideomycetes","o__Pleosporales","f__Didymellaceae",NA,NA,"Presence"
"363","P","ASV_572",-0.794034871124616,0.00375,0.99625,TRUE,"negative"," -1.58736448","k__Fungi","p__Basidiomycota","c__Tremellomycetes","o__Tremellales","f__Trimorphomycetaceae","g__Saitozyma",NA,"Presence"
"364","P","ASV_644",-0.793853537373369,0.0455,0.9545,TRUE,"negative","  4.10704743","k__Fungi","p__Ascomycota","c__Sordariomycetes","o__Xylariales","f__Microdochiaceae","g__Microdochium",NA,"Presence"
"365","P","ASV_373",-0.739056228798652,0.01075,0.98925,TRUE,"negative","  4.42859917","k__Fungi","p__Ascomycota","c__Dothideomycetes","o__Pleosporales",NA,NA,NA,"Presence"
"366","P","ASV_439",-0.732084662248878,0.0265,0.9735,TRUE,"negative","  2.61706793","k__Fungi","p__Ascomycota","c__Eurotiomycetes","o__Chaetothyriales","f__Trichomeriaceae",NA,NA,"Presence"
"367","P","ASV_2675",-0.71724821687849,0.03525,0.96475,TRUE,"negative"," -2.07261181","k__Fungi","p__Basidiomycota","c__Cystobasidiomycetes","o__Erythrobasidiales","f__Erythrobasidiaceae","g__Erythrobasidium",NA,"Presence"
"368","P","ASV_378",-0.675743560668953,0.01675,0.98325,TRUE,"negative"," -1.38182300","k__Fungi","p__Basidiomycota","c__Tremellomycetes","o__Tremellales","f__Bulleribasidiaceae","g__Derxomyces",NA,"Presence"
"369","P","ASV_81",-0.664315681961095,0.0385,0.9615,TRUE,"negative","  3.93607277","k__Fungi","p__Ascomycota","c__Dothideomycetes","o__Capnodiales","f__Mycosphaerellaceae",NA,NA,"Presence"
"370","P","ASV_639",-0.586671823702918,0.044,0.956,TRUE,"negative","  4.42484990","k__Fungi","p__Ascomycota","c__Dothideomycetes","o__Pleosporales",NA,NA,NA,"Presence"
"371","P","ASV_1206",-0.575310086992759,0.03525,0.96475,TRUE,"negative","  4.42261718","k__Fungi","p__Ascomycota","c__Dothideomycetes","o__Pleosporales",NA,NA,NA,"Presence"
"372","P","ASV_406",-0.495939381626681,0.03975,0.96025,TRUE,"negative"," -1.57637279","k__Fungi","p__Basidiomycota","c__Tremellomycetes","o__Tremellales","f__Bulleraceae","g__Bullera","s__penniseticola","Presence"
"373","P","ASV_1741",0.544443290810438,0.953,0.047,TRUE,"positive"," -2.12270816","k__Fungi","p__Basidiomycota","c__Agaricomycetes","o__Agaricales","f__Tricholomataceae",NA,NA,"Presence"
"374","P","ASV_170",0.598084289851708,0.962,0.038,TRUE,"positive","  4.82639369","k__Fungi","p__Ascomycota","c__Dothideomycetes","o__Pleosporales","f__Phaeosphaeriaceae","g__Phaeosphaeria",NA,"Presence"
"375","P","ASV_1925",0.641054304270536,0.975,0.025,TRUE,"positive","-16.74600948","k__Fungi","p__Basidiomycota","c__Pucciniomycetes","o__Pucciniales","f__Pucciniaceae","g__Puccinia","s__emaculata","Presence"
"376","P","ASV_225",0.686768241559682,0.99225,0.00775,TRUE,"positive","  4.52265958","k__Fungi","p__Ascomycota","c__Dothideomycetes","o__Pleosporales","f__Phaeosphaeriaceae",NA,NA,"Presence"
"377","P","ASV_2659",0.68725835244363,0.983,0.017,TRUE,"positive"," -2.10555382","k__Fungi","p__Basidiomycota","c__Agaricostilbomycetes","o__Agaricostilbales",NA,NA,NA,"Presence"
"378","P","ASV_7",0.701384610920045,0.993,0.007,TRUE,"positive"," -0.56796858","k__Fungi","p__Ascomycota","c__Dothideomycetes","o__Pleosporales","f__Leptosphaeriaceae",NA,NA,"Presence"
"379","P","ASV_1519",0.703362186635617,0.98225,0.01775,TRUE,"positive"," -1.63076094","k__Fungi","p__Basidiomycota","c__Tremellomycetes","o__Tremellales","f__Rhynchogastremataceae","g__Papiliotrema","s__fusca","Presence"
"380","P","ASV_392",0.726474659166429,0.9945,0.0055,TRUE,"positive"," -1.57946217","k__Fungi","p__Basidiomycota","c__Tremellomycetes","o__Tremellales","f__Trimorphomycetaceae","g__Saitozyma","s__flava","Presence"
"381","P","ASV_165",0.732343783395107,0.988,0.012,TRUE,"positive","-16.74892058","k__Fungi","p__Basidiomycota","c__Pucciniomycetes","o__Pucciniales","f__Pucciniaceae","g__Puccinia","s__emaculata","Presence"
"382","P","ASV_1502",0.758186095441799,0.97825,0.02175,TRUE,"positive","-16.74792106","k__Fungi","p__Basidiomycota","c__Pucciniomycetes","o__Pucciniales","f__Pucciniaceae","g__Puccinia","s__emaculata","Presence"
"383","P","ASV_339",0.799113710458342,0.9905,0.0095,TRUE,"positive"," -2.04215526","k__Fungi","p__Basidiomycota","c__Agaricostilbomycetes","o__Agaricostilbales","f__Ruineniaceae","g__Ruinenia","s__diospyri","Presence"
"384","P","ASV_2",0.818060620712618,0.9875,0.0125,TRUE,"positive","  5.38297741","k__Fungi","p__Ascomycota","c__Sordariomycetes","o__Xylariales","f__Microdochiaceae","g__Microdochium","s__seminicola","Presence"
"385","P","ASV_32",0.83650987134367,0.99525,0.00475,TRUE,"positive","-16.86895652","k__Fungi","p__Basidiomycota","c__Pucciniomycetes","o__Pucciniales","f__Pucciniaceae","g__Puccinia","s__emaculata","Presence"
"386","P","ASV_2293",0.852598418131014,0.96925,0.03075,TRUE,"positive"," -2.13645256","k__Fungi","p__Basidiomycota","c__Agaricomycetes","o__Agaricales",NA,NA,NA,"Presence"
"387","P","ASV_4769",0.859904106043601,0.97825,0.02175,TRUE,"positive"," -2.17224527","k__Fungi","p__Basidiomycota",NA,NA,NA,NA,NA,"Presence"
"388","P","ASV_3084",0.873032960164222,0.9725,0.0275,TRUE,"positive"," -2.15570865","k__Fungi","p__Basidiomycota","c__Microbotryomycetes","o__Microbotryomycetes_ord_Incertae_sedis","f__Chrysozymaceae","g__Chrysozyma","s__griseoflava","Presence"
"389","P","ASV_2171",0.877282817942709,0.984,0.016,TRUE,"positive"," -2.08049597","k__Fungi","p__Basidiomycota","c__Agaricostilbomycetes","o__Agaricostilbales","f__Ruineniaceae","g__Ruinenia","s__pyrrosiae","Presence"
"390","P","ASV_419",0.933952742887575,0.9995,5e-04,TRUE,"positive"," -1.38050728","k__Fungi","p__Basidiomycota","c__Tremellomycetes","o__Tremellales","f__Bulleribasidiaceae","g__Bulleribasidium",NA,"Presence"
"391","P","ASV_312",0.962052549444155,0.9995,5e-04,TRUE,"positive"," -1.24144823","k__Fungi","p__Basidiomycota","c__Tremellomycetes","o__Tremellales","f__Bulleribasidiaceae","g__Hannaella","s__sinensis","Presence"
"392","P","ASV_91",0.992902699260276,0.992,0.008,TRUE,"positive","  3.99245421","k__Fungi","p__Ascomycota","c__Dothideomycetes","o__Capnodiales","f__Mycosphaerellaceae",NA,NA,"Presence"
"393","P","ASV_368",1.12683475476833,0.99875,0.00125,TRUE,"positive","-16.76804630","k__Fungi","p__Basidiomycota","c__Pucciniomycetes","o__Pucciniales","f__Pucciniaceae","g__Puccinia","s__emaculata","Presence"
"394","P","ASV_2180",1.24071699715295,0.99975,0.00025,TRUE,"positive","-11.89470463","k__Fungi","p__Basidiomycota","c__Pucciniomycetes","o__Pucciniales","f__Pucciniaceae","g__Puccinia",NA,"Presence"
"395","P","ASV_1219",1.32974212330453,0.99975,0.00025,TRUE,"positive"," -1.96937281","k__Fungi","p__Basidiomycota","c__Spiculogloeomycetes","o__Spiculogloeales","f__Spiculogloeaceae","g__Phyllozyma","s__novozealandica","Presence"
"396","P","ASV_138",1.35084114493851,1,0,TRUE,"positive"," -2.08344031","k__Fungi","p__Basidiomycota","c__Cystobasidiomycetes","o__Erythrobasidiales","f__Erythrobasidiaceae","g__Erythrobasidium",NA,"Presence"
"397","ph","ASV_828",-1.33796228544419,0,1,TRUE,"negative","  3.55206675","k__Fungi","p__Ascomycota","c__Dothideomycetes","o__Pleosporales","f__Cucurbitariaceae","g__Pyrenochaetopsis","s__leptospora","Presence"
"398","ph","ASV_511",-1.24924193157364,0,1,TRUE,"negative","  1.95030130","k__Fungi","p__Ascomycota",NA,NA,NA,NA,NA,"Presence"
"399","ph","ASV_2855",-1.2168417394931,0,1,TRUE,"negative"," -1.44676097","k__Fungi","p__Basidiomycota","c__Tremellomycetes","o__Tremellales","f__Cuniculitremaceae","g__Kockovaella",NA,"Presence"
"400","ph","ASV_973",-1.16446570099159,0,1,TRUE,"negative"," -1.42360193","k__Fungi","p__Basidiomycota","c__Tremellomycetes","o__Tremellales","f__Bulleribasidiaceae","g__Derxomyces","s__pseudoschimicola","Presence"
"401","ph","ASV_2552",-1.1179401709476,0,1,TRUE,"negative"," -2.16792002","k__Fungi","p__Basidiomycota","c__Atractiellomycetes","o__Atractiellales","f__Phleogenaceae","g__Atractidochium","s__hillariae","Presence"
"402","ph","ASV_857",-1.07736063055717,0,1,TRUE,"negative"," -2.17868582","k__Fungi","p__Basidiomycota",NA,NA,NA,NA,NA,"Presence"
"403","ph","ASV_2487",-0.924681072173023,0.00075,0.99925,TRUE,"negative","  1.95954929","k__Fungi","p__Ascomycota",NA,NA,NA,NA,NA,"Presence"
"404","ph","ASV_81",-0.916448375593087,0,1,TRUE,"negative","  3.93607277","k__Fungi","p__Ascomycota","c__Dothideomycetes","o__Capnodiales","f__Mycosphaerellaceae",NA,NA,"Presence"
"405","ph","ASV_450",-0.900586757239317,0,1,TRUE,"negative","  2.56927016","k__Fungi","p__Ascomycota","c__Sordariomycetes","o__Trichosphaeriales","f__Trichosphaeriaceae","g__Nigrospora",NA,"Presence"
"406","ph","ASV_916",-0.879453954420766,0,1,TRUE,"negative"," -2.14236376","k__Fungi","p__Basidiomycota","c__Exobasidiomycetes","o__Exobasidiales","f__Exobasidiaceae","g__Exobasidium",NA,"Presence"
"407","ph","ASV_2706",-0.877758917938362,0.00075,0.99925,TRUE,"negative"," -2.13915657","k__Fungi","p__Basidiomycota","c__Cystobasidiomycetes","o__Cystobasidiomycetes_ord_Incertae_sedis","f__Microsporomycetaceae",NA,NA,"Presence"
"408","ph","ASV_349",-0.847616411872615,0.001,0.999,TRUE,"negative","  3.94008776","k__Fungi","p__Ascomycota","c__Dothideomycetes","o__Capnodiales",NA,NA,NA,"Presence"
"409","ph","ASV_91",-0.833941538333743,0.00125,0.99875,TRUE,"negative","  3.99245421","k__Fungi","p__Ascomycota","c__Dothideomycetes","o__Capnodiales","f__Mycosphaerellaceae",NA,NA,"Presence"
"410","ph","ASV_3287",-0.73961080021338,0.00225,0.99775,TRUE,"negative"," -2.14630716","k__Fungi","p__Basidiomycota","c__Exobasidiomycetes","o__Tilletiales","f__Tilletiaceae","g__Tilletia",NA,"Presence"
"411","ph","ASV_1172",-0.738916197576865,0.0015,0.9985,TRUE,"negative","  2.98081419","k__Fungi","p__Ascomycota","c__Sordariomycetes","o__Xylariales","f__Sporocadaceae","g__Pestalotiopsis",NA,"Presence"
"412","ph","ASV_347",-0.726728203029785,0.00125,0.99875,TRUE,"negative","  3.67011467","k__Fungi","p__Ascomycota","c__Eurotiomycetes","o__Chaetothyriales",NA,NA,NA,"Presence"
"413","ph","ASV_1167",-0.715322586223062,0.00125,0.99875,TRUE,"negative"," -2.07878964","k__Fungi","p__Basidiomycota","c__Cystobasidiomycetes","o__Erythrobasidiales","f__Erythrobasidiaceae","g__Erythrobasidium",NA,"Presence"
"414","ph","ASV_236",-0.668291894322238,5e-04,0.9995,TRUE,"negative"," -1.05568313","k__Fungi","p__Basidiomycota","c__Tremellomycetes","o__Tremellales","f__Bulleribasidiaceae","g__Hannaella","s__pagnoccae","Presence"
"415","ph","ASV_439",-0.667104847653648,0.00175,0.99825,TRUE,"negative","  2.61706793","k__Fungi","p__Ascomycota","c__Eurotiomycetes","o__Chaetothyriales","f__Trichomeriaceae",NA,NA,"Presence"
"416","ph","ASV_136",-0.628226396160426,0.004,0.996,TRUE,"negative"," -2.13129080","k__Fungi","p__Basidiomycota","c__Exobasidiomycetes","o__Golubeviales","f__Golubeviaceae","g__Golubevia","s__pallescens","Presence"
"417","ph","ASV_473",-0.574027030537953,0.00075,0.99925,TRUE,"negative","  2.57329239","k__Fungi","p__Ascomycota","c__Sordariomycetes","o__Trichosphaeriales","f__Trichosphaeriaceae","g__Nigrospora","s__bambusae","Presence"
"418","ph","ASV_3246",-0.540237182720659,0.0155,0.9845,TRUE,"negative"," -2.17312479","k__Fungi","p__Basidiomycota",NA,NA,NA,NA,NA,"Presence"
"419","ph","ASV_2516",-0.532501222529497,0.0325,0.9675,TRUE,"negative"," -2.10412634","k__Fungi","p__Basidiomycota","c__Agaricostilbomycetes","o__Agaricostilbales",NA,NA,NA,"Presence"
"420","ph","ASV_170",-0.53153148198682,0.00825,0.99175,TRUE,"negative","  4.82639369","k__Fungi","p__Ascomycota","c__Dothideomycetes","o__Pleosporales","f__Phaeosphaeriaceae","g__Phaeosphaeria",NA,"Presence"
"421","ph","ASV_460",-0.515726357419867,0.0265,0.9735,TRUE,"negative","  3.68993700","k__Fungi","p__Ascomycota","c__Eurotiomycetes","o__Chaetothyriales",NA,NA,NA,"Presence"
"422","ph","ASV_16",-0.510508108014639,0.04225,0.95775,TRUE,"negative"," -2.13343418","k__Fungi","p__Basidiomycota","c__Agaricomycetes","o__Agaricales","f__Tricholomataceae","g__Mycena",NA,"Presence"
"423","ph","ASV_60",-0.507170132483766,0.0215,0.9785,TRUE,"negative","-16.82639602","k__Fungi","p__Basidiomycota","c__Pucciniomycetes","o__Pucciniales","f__Pucciniaceae","g__Puccinia","s__emaculata","Presence"
"424","ph","ASV_268",-0.498871998595939,0.01575,0.98425,TRUE,"negative","  3.68277991","k__Fungi","p__Ascomycota","c__Eurotiomycetes","o__Chaetothyriales",NA,NA,NA,"Presence"
"425","ph","ASV_278",-0.495757235351947,0.019,0.981,TRUE,"negative","  5.16483375","k__Fungi","p__Ascomycota","c__Dothideomycetes","o__Pleosporales","f__Didymellaceae",NA,NA,"Presence"
"426","ph","ASV_1112",-0.460546550156068,0.037,0.963,TRUE,"negative","  2.08510400","k__Fungi","p__Ascomycota","c__Lecanoromycetes","o__Ostropales","f__Gomphillaceae","g__Corticifraga","s__peltigerae","Presence"
"427","ph","ASV_327",-0.452229311136365,0.04875,0.95125,TRUE,"negative","  4.89611069","k__Fungi","p__Ascomycota","c__Dothideomycetes","o__Capnodiales","f__Teratosphaeriaceae",NA,NA,"Presence"
"428","ph","ASV_780",-0.449466723542606,0.0135,0.9865,TRUE,"negative","  2.64820414","k__Fungi","p__Ascomycota","c__Eurotiomycetes","o__Chaetothyriales","f__Chaetothyriales_fam_Incertae_sedis","g__Strelitziana","s__albiziae","Presence"
"429","ph","ASV_313",-0.436063348540645,0.0365,0.9635,TRUE,"negative","  4.82210707","k__Fungi","p__Ascomycota","c__Dothideomycetes","o__Pleosporales","f__Phaeosphaeriaceae","g__Phaeosphaeria",NA,"Presence"
"430","ph","ASV_1352",-0.435634841029601,0.045,0.955,TRUE,"negative"," -2.16814988","k__Fungi","p__Basidiomycota",NA,NA,NA,NA,NA,"Presence"
"431","ph","ASV_4396",-0.429153808840887,0.03275,0.96725,TRUE,"negative"," -2.14396603","k__Fungi","p__Basidiomycota","c__Agaricomycetes","o__Hymenochaetales","f__Schizoporaceae","g__Xylodon","s__flaviporus","Presence"
"432","ph","ASV_259",-0.414174924007602,0.014,0.986,TRUE,"negative","  2.62490006","k__Fungi","p__Ascomycota","c__Eurotiomycetes","o__Chaetothyriales","f__Herpotrichiellaceae",NA,NA,"Presence"
"433","ph","ASV_122",-0.409780797268672,0.0415,0.9585,TRUE,"negative","  2.77736791","k__Fungi","p__Ascomycota","c__Eurotiomycetes","o__Chaetothyriales","f__Chaetothyriaceae","g__Ceramothyrium","s__carniolicum","Presence"
"434","ph","ASV_177",-0.320766467638471,0.03675,0.96325,TRUE,"negative","  2.58822574","k__Fungi","p__Ascomycota","c__Sordariomycetes","o__Trichosphaeriales","f__Trichosphaeriaceae","g__Nigrospora",NA,"Presence"
"435","ph","ASV_255",0.310327476432062,0.955,0.045,TRUE,"positive"," -2.08917105","k__Fungi","p__Basidiomycota","c__Agaricostilbomycetes","o__Agaricostilbales","f__Ruineniaceae","g__Ruinenia",NA,"Presence"
"436","ph","ASV_531",0.31304768856538,0.952,0.048,TRUE,"positive","  2.64449124","k__Fungi","p__Ascomycota","c__Eurotiomycetes","o__Chaetothyriales","f__Herpotrichiellaceae","g__Phialophora","s__livistonae","Presence"
"437","ph","ASV_66",0.327105441907235,0.961,0.039,TRUE,"positive","  5.20083850","k__Fungi","p__Ascomycota","c__Dothideomycetes","o__Pleosporales","f__Didymellaceae",NA,NA,"Presence"
"438","ph","ASV_102",0.371777951127832,0.97925,0.02075,TRUE,"positive","  3.65011072","k__Fungi","p__Ascomycota","c__Dothideomycetes","o__Pleosporales","f__Cucurbitariaceae","g__Pyrenochaetopsis",NA,"Presence"
"439","ph","ASV_68",0.379610611402874,0.974,0.026,TRUE,"positive"," -1.39884147","k__Fungi","p__Basidiomycota","c__Tremellomycetes","o__Tremellales","f__Cuniculitremaceae","g__Kockovaella",NA,"Presence"
"440","ph","ASV_419",0.392295633909482,0.97975,0.02025,TRUE,"positive"," -1.38050728","k__Fungi","p__Basidiomycota","c__Tremellomycetes","o__Tremellales","f__Bulleribasidiaceae","g__Bulleribasidium",NA,"Presence"
"441","ph","ASV_98",0.396387689865095,0.98325,0.01675,TRUE,"positive"," -2.02932300","k__Fungi","p__Basidiomycota","c__Agaricostilbomycetes","o__Agaricostilbales","f__Ruineniaceae","g__Ruinenia","s__diospyri","Presence"
"442","ph","ASV_39",0.406385754532226,0.98425,0.01575,TRUE,"positive","  3.88934887","k__Fungi","p__Ascomycota","c__Dothideomycetes","o__Dothideales","f__Aureobasidiaceae","g__Aureobasidium","s__pullulans","Presence"
"443","ph","ASV_373",0.41114306422266,0.9755,0.0245,TRUE,"positive","  4.42859917","k__Fungi","p__Ascomycota","c__Dothideomycetes","o__Pleosporales",NA,NA,NA,"Presence"
"444","ph","ASV_182",0.432960871350527,0.98175,0.01825,TRUE,"positive"," -1.17452859","k__Fungi","p__Basidiomycota","c__Tremellomycetes","o__Tremellales","f__Bulleribasidiaceae","g__Hannaella",NA,"Presence"
"445","ph","ASV_15",0.433472573055363,0.98425,0.01575,TRUE,"positive","  3.85599636","k__Fungi","p__Ascomycota","c__Eurotiomycetes","o__Chaetothyriales",NA,NA,NA,"Presence"
"446","ph","ASV_1329",0.448995983185139,0.9675,0.0325,TRUE,"positive"," -2.16866276","k__Fungi","p__Basidiomycota",NA,NA,NA,NA,NA,"Presence"
"447","ph","ASV_1345",0.454491015438129,0.9685,0.0315,TRUE,"positive"," -2.07721298","k__Fungi","p__Basidiomycota","c__Cystobasidiomycetes","o__Erythrobasidiales","f__Erythrobasidiaceae","g__Erythrobasidium","s__hasegawianum","Presence"
"448","ph","ASV_135",0.469786346665748,0.989,0.011,TRUE,"positive","  3.71487476","k__Fungi","p__Ascomycota","c__Eurotiomycetes","o__Chaetothyriales",NA,NA,NA,"Presence"
"449","ph","ASV_181",0.477881601325269,0.99525,0.00475,TRUE,"positive","  3.55762620","k__Fungi","p__Ascomycota","c__Dothideomycetes","o__Pleosporales","f__Pleosporaceae","g__Bipolaris",NA,"Presence"
"450","ph","ASV_1015",0.521289314975431,0.9615,0.0385,TRUE,"positive"," -2.13628440","k__Fungi","p__Basidiomycota","c__Agaricomycetes","o__Agaricales",NA,NA,NA,"Presence"
"451","ph","ASV_217",0.53998061451698,0.988,0.012,TRUE,"positive","  5.18194518","k__Fungi","p__Ascomycota","c__Dothideomycetes","o__Pleosporales","f__Didymellaceae",NA,NA,"Presence"
"452","ph","ASV_7",0.543992932256043,0.995,0.005,TRUE,"positive"," -0.56796858","k__Fungi","p__Ascomycota","c__Dothideomycetes","o__Pleosporales","f__Leptosphaeriaceae",NA,NA,"Presence"
"453","ph","ASV_55",0.554158109209639,0.99825,0.00175,TRUE,"positive"," -0.97008483","k__Fungi","p__Basidiomycota","c__Tremellomycetes","o__Tremellales","f__Bulleribasidiaceae","g__Hannaella","s__pagnoccae","Presence"
"454","ph","ASV_22",0.565671926452754,0.99825,0.00175,TRUE,"positive","  4.60187019","k__Fungi","p__Ascomycota","c__Dothideomycetes","o__Pleosporales","f__Phaeosphaeriaceae",NA,NA,"Presence"
"455","ph","ASV_24",0.570692379927946,0.99675,0.00325,TRUE,"positive","  4.90224238","k__Fungi","p__Ascomycota","c__Dothideomycetes","o__Pleosporales","f__Phaeosphaeriaceae","g__Phaeosphaeria",NA,"Presence"
"456","ph","ASV_368",0.573526926523171,0.98625,0.01375,TRUE,"positive","-16.76804630","k__Fungi","p__Basidiomycota","c__Pucciniomycetes","o__Pucciniales","f__Pucciniaceae","g__Puccinia","s__emaculata","Presence"
"457","ph","ASV_194",0.586313048934048,0.9925,0.0075,TRUE,"positive","  4.13276439","k__Fungi","p__Ascomycota","c__Sordariomycetes","o__Xylariales","f__Microdochiaceae","g__Microdochium",NA,"Presence"
"458","ph","ASV_806",0.615019544577625,0.99725,0.00275,TRUE,"positive"," -2.03902553","k__Fungi","p__Basidiomycota","c__Agaricostilbomycetes","o__Agaricostilbales","f__Ruineniaceae","g__Ruinenia","s__diospyri","Presence"
"459","ph","ASV_4",0.627382838307155,0.99975,0.00025,TRUE,"positive","  3.73057868","k__Fungi","p__Ascomycota","c__Dothideomycetes","o__Capnodiales","f__Dissoconiaceae","g__Dissoconium",NA,"Presence"
"460","ph","ASV_71",0.63933631415332,1,0,TRUE,"positive","  4.56117543","k__Fungi","p__Ascomycota","c__Dothideomycetes","o__Pleosporales","f__Phaeosphaeriaceae",NA,NA,"Presence"
"461","ph","ASV_496",0.658879341185759,0.99625,0.00375,TRUE,"positive","  2.58636329","k__Fungi","p__Ascomycota","c__Sordariomycetes","o__Trichosphaeriales","f__Trichosphaeriaceae","g__Nigrospora","s__oryzae","Presence"
"462","ph","ASV_138",0.700311458032019,0.99975,0.00025,TRUE,"positive"," -2.08344031","k__Fungi","p__Basidiomycota","c__Cystobasidiomycetes","o__Erythrobasidiales","f__Erythrobasidiaceae","g__Erythrobasidium",NA,"Presence"
"463","ph","ASV_735",0.733908194743166,0.9985,0.0015,TRUE,"positive","  4.06777866","k__Fungi","p__Ascomycota","c__Dothideomycetes","o__Capnodiales","f__Neodevriesiaceae","g__Neodevriesia","s__poagena","Presence"
