ASV,kingdom,phylum,class,order,family,genus,species
ASV_3509,k__Fungi,p__Rozellomycota,c__Rozellomycotina_cls_Incertae_sedis,o__GS07,NA,NA,NA
ASV_540,k__Fungi,p__Rozellomycota,c__Rozellomycotina_cls_Incertae_sedis,o__GS10,NA,NA,NA
ASV_3014,k__Fungi,p__Rozellomycota,c__Rozellomycotina_cls_Incertae_sedis,o__GS10,NA,NA,NA
ASV_1733,k__Fungi,p__Rozellomycota,c__Rozellomycotina_cls_Incertae_sedis,o__GS10,NA,NA,NA
ASV_551,k__Fungi,p__Rozellomycota,c__Rozellomycotina_cls_Incertae_sedis,o__Branch02,NA,NA,NA
ASV_2654,k__Fungi,p__Rozellomycota,c__Rozellomycotina_cls_Incertae_sedis,o__Branch02,NA,NA,NA
ASV_2763,k__Fungi,p__Rozellomycota,c__Rozellomycotina_cls_Incertae_sedis,o__GS08,NA,NA,NA
ASV_456,k__Fungi,p__Rozellomycota,c__Rozellomycotina_cls_Incertae_sedis,o__GS02,NA,NA,NA
ASV_1775,k__Fungi,p__Rozellomycota,c__Rozellomycotina_cls_Incertae_sedis,o__GS02,NA,NA,NA
ASV_2067,k__Fungi,p__Rozellomycota,c__Rozellomycotina_cls_Incertae_sedis,o__GS02,NA,NA,NA
ASV_1729,k__Fungi,p__Rozellomycota,c__Rozellomycotina_cls_Incertae_sedis,o__GS05,NA,NA,NA
ASV_2774,k__Fungi,p__Rozellomycota,c__Rozellomycotina_cls_Incertae_sedis,o__GS05,NA,NA,NA
ASV_425,k__Fungi,p__Rozellomycota,c__Rozellomycotina_cls_Incertae_sedis,o__GS11,NA,NA,NA
ASV_179,k__Fungi,p__Rozellomycota,c__Rozellomycotina_cls_Incertae_sedis,o__GS11,NA,NA,NA
ASV_519,k__Fungi,p__Rozellomycota,c__Rozellomycotina_cls_Incertae_sedis,o__GS11,NA,NA,NA
ASV_309,k__Fungi,p__Rozellomycota,c__Rozellomycotina_cls_Incertae_sedis,o__GS11,NA,NA,NA
ASV_493,k__Fungi,p__Rozellomycota,c__Rozellomycotina_cls_Incertae_sedis,o__GS11,NA,NA,NA
ASV_2200,k__Fungi,p__Rozellomycota,c__Rozellomycotina_cls_Incertae_sedis,o__GS11,NA,NA,NA
ASV_346,k__Fungi,p__Rozellomycota,c__Rozellomycotina_cls_Incertae_sedis,o__GS11,NA,NA,NA
ASV_1915,k__Fungi,p__Rozellomycota,c__Rozellomycotina_cls_Incertae_sedis,o__GS11,NA,NA,NA
ASV_1669,k__Fungi,p__Rozellomycota,c__Rozellomycotina_cls_Incertae_sedis,o__GS11,NA,NA,NA
ASV_2299,k__Fungi,p__Rozellomycota,c__Rozellomycotina_cls_Incertae_sedis,NA,NA,NA,NA
ASV_5152,k__Fungi,p__Rozellomycota,NA,NA,NA,NA,NA
ASV_2411,k__Fungi,p__Rozellomycota,NA,NA,NA,NA,NA
ASV_3039,k__Fungi,p__Rozellomycota,NA,NA,NA,NA,NA
ASV_4353,k__Fungi,p__Rozellomycota,NA,NA,NA,NA,NA
ASV_3519,k__Fungi,p__Rozellomycota,NA,NA,NA,NA,NA
ASV_1102,k__Fungi,p__Rozellomycota,NA,NA,NA,NA,NA
ASV_1757,k__Fungi,p__Rozellomycota,NA,NA,NA,NA,NA
ASV_826,k__Fungi,p__Ascomycota,c__Sordariomycetes,NA,NA,NA,NA
ASV_344,k__Fungi,p__Ascomycota,c__Sordariomycetes,NA,NA,NA,NA
ASV_805,k__Fungi,p__Ascomycota,c__Sordariomycetes,NA,NA,NA,NA
ASV_716,k__Fungi,p__Ascomycota,c__Sordariomycetes,NA,NA,NA,NA
ASV_420,k__Fungi,p__Ascomycota,c__Sordariomycetes,NA,NA,NA,NA
ASV_506,k__Fungi,p__Ascomycota,c__Sordariomycetes,NA,NA,NA,NA
ASV_1419,k__Fungi,p__Ascomycota,c__Sordariomycetes,NA,NA,NA,NA
ASV_695,k__Fungi,p__Ascomycota,c__Sordariomycetes,NA,NA,NA,NA
ASV_450,k__Fungi,p__Ascomycota,c__Sordariomycetes,o__Trichosphaeriales,f__Trichosphaeriaceae,g__Nigrospora,NA
ASV_1518,k__Fungi,p__Ascomycota,c__Sordariomycetes,o__Trichosphaeriales,f__Trichosphaeriaceae,g__Nigrospora,NA
ASV_177,k__Fungi,p__Ascomycota,c__Sordariomycetes,o__Trichosphaeriales,f__Trichosphaeriaceae,g__Nigrospora,NA
ASV_473,k__Fungi,p__Ascomycota,c__Sordariomycetes,o__Trichosphaeriales,f__Trichosphaeriaceae,g__Nigrospora,s__bambusae
ASV_1075,k__Fungi,p__Ascomycota,c__Sordariomycetes,o__Trichosphaeriales,f__Trichosphaeriaceae,g__Nigrospora,s__oryzae
ASV_496,k__Fungi,p__Ascomycota,c__Sordariomycetes,o__Trichosphaeriales,f__Trichosphaeriaceae,g__Nigrospora,s__oryzae
ASV_852,k__Fungi,p__Ascomycota,c__Sordariomycetes,o__Trichosphaeriales,f__Trichosphaeriaceae,g__Nigrospora,s__oryzae
ASV_86,k__Fungi,p__Ascomycota,c__Sordariomycetes,o__Branch06,NA,NA,NA
ASV_197,k__Fungi,p__Ascomycota,c__Sordariomycetes,o__Branch06,NA,NA,NA
ASV_461,k__Fungi,p__Ascomycota,c__Sordariomycetes,o__Branch06,NA,NA,NA
ASV_389,k__Fungi,p__Ascomycota,c__Sordariomycetes,o__Branch06,NA,NA,NA
ASV_37,k__Fungi,p__Ascomycota,c__Sordariomycetes,o__Branch06,NA,NA,NA
ASV_1288,k__Fungi,p__Ascomycota,c__Sordariomycetes,o__Branch06,NA,NA,NA
ASV_94,k__Fungi,p__Ascomycota,c__Sordariomycetes,o__Magnaporthales,f__Magnaporthaceae,g__Magnaporthiopsis,NA
ASV_2158,k__Fungi,p__Ascomycota,c__Sordariomycetes,o__Hypocreales,f__Clavicipitaceae,g__Metarhizium,s__carneum
ASV_54,k__Fungi,p__Ascomycota,c__Sordariomycetes,o__Hypocreales,f__Clavicipitaceae,g__Metarhizium,s__anisopliae
ASV_1114,k__Fungi,p__Ascomycota,c__Sordariomycetes,o__Hypocreales,f__Clavicipitaceae,g__Metacordyceps,s__chlamydosporia
ASV_1496,k__Fungi,p__Ascomycota,c__Sordariomycetes,o__Hypocreales,NA,NA,NA
ASV_907,k__Fungi,p__Ascomycota,c__Sordariomycetes,o__Hypocreales,f__Hypocreaceae,g__Trichoderma,NA
ASV_237,k__Fungi,p__Ascomycota,c__Sordariomycetes,o__Hypocreales,f__Hypocreaceae,g__Trichoderma,s__viride
ASV_390,k__Fungi,p__Ascomycota,c__Sordariomycetes,o__Lulworthiales,f__Lulworthiaceae,g__Moleospora,NA
ASV_301,k__Fungi,p__Ascomycota,c__Sordariomycetes,o__Sordariales,NA,NA,NA
ASV_277,k__Fungi,p__Ascomycota,c__Sordariomycetes,o__Sordariales,f__Chaetomiaceae,NA,NA
ASV_1624,k__Fungi,p__Ascomycota,c__Sordariomycetes,o__Sordariales,f__Sordariales_fam_Incertae_sedis,g__Conlarium,NA
ASV_1413,k__Fungi,p__Ascomycota,c__Sordariomycetes,o__Sordariales,f__Sordariales_fam_Incertae_sedis,g__Conlarium,NA
ASV_850,k__Fungi,p__Ascomycota,c__Sordariomycetes,o__Sordariales,f__Sordariales_fam_Incertae_sedis,g__Conlarium,NA
ASV_1877,k__Fungi,p__Ascomycota,c__Sordariomycetes,o__Xylariales,NA,NA,NA
ASV_4237,k__Fungi,p__Ascomycota,c__Sordariomycetes,o__Xylariales,f__Xylariales_fam_Incertae_sedis,g__Neoidriella,s__desertorum
ASV_2,k__Fungi,p__Ascomycota,c__Sordariomycetes,o__Xylariales,f__Microdochiaceae,g__Microdochium,s__seminicola
ASV_644,k__Fungi,p__Ascomycota,c__Sordariomycetes,o__Xylariales,f__Microdochiaceae,g__Microdochium,NA
ASV_194,k__Fungi,p__Ascomycota,c__Sordariomycetes,o__Xylariales,f__Microdochiaceae,g__Microdochium,NA
ASV_5719,k__Fungi,p__Ascomycota,c__Sordariomycetes,o__Xylariales,f__Xylariaceae,g__Biscogniauxia,NA
ASV_1172,k__Fungi,p__Ascomycota,c__Sordariomycetes,o__Xylariales,f__Sporocadaceae,g__Pestalotiopsis,NA
ASV_2101,k__Fungi,p__Ascomycota,c__Sordariomycetes,o__Xylariales,f__Sporocadaceae,g__Neopestalotiopsis,NA
ASV_2476,k__Fungi,p__Ascomycota,c__Dothideomycetes,o__Pleosporales,f__Pleosporales_fam_Incertae_sedis,g__Polyschema,s__sclerotigenum
ASV_794,k__Fungi,p__Ascomycota,c__Dothideomycetes,o__Pleosporales,f__Pleosporaceae,g__Alternaria,NA
ASV_181,k__Fungi,p__Ascomycota,c__Dothideomycetes,o__Pleosporales,f__Pleosporaceae,g__Bipolaris,NA
ASV_517,k__Fungi,p__Ascomycota,c__Dothideomycetes,o__Pleosporales,f__Pleosporaceae,g__Drechslera,NA
ASV_1026,k__Fungi,p__Ascomycota,c__Dothideomycetes,o__Pleosporales,f__Pleosporaceae,NA,NA
ASV_1450,k__Fungi,p__Ascomycota,c__Dothideomycetes,o__Pleosporales,f__Pleosporaceae,g__Curvularia,NA
ASV_3693,k__Fungi,p__Ascomycota,c__Dothideomycetes,o__Pleosporales,f__Pleosporaceae,g__Curvularia,NA
ASV_927,k__Fungi,p__Ascomycota,c__Dothideomycetes,o__Pleosporales,f__Didymosphaeriaceae,g__Pseudopithomyces,s__rosae
ASV_583,k__Fungi,p__Ascomycota,c__Dothideomycetes,o__Pleosporales,f__Sporormiaceae,g__Preussia,s__flanaganii
ASV_1062,k__Fungi,p__Ascomycota,c__Dothideomycetes,o__Pleosporales,f__Sporormiaceae,NA,NA
ASV_1731,k__Fungi,p__Ascomycota,c__Dothideomycetes,o__Pleosporales,f__Corynesporascaceae,g__Corynespora,s__cassiicola
ASV_1364,k__Fungi,p__Ascomycota,c__Dothideomycetes,o__Pleosporales,f__Didymellaceae,NA,NA
ASV_17,k__Fungi,p__Ascomycota,c__Dothideomycetes,o__Pleosporales,f__Didymellaceae,NA,NA
ASV_861,k__Fungi,p__Ascomycota,c__Dothideomycetes,o__Pleosporales,f__Didymellaceae,NA,NA
ASV_1193,k__Fungi,p__Ascomycota,c__Dothideomycetes,o__Pleosporales,f__Didymellaceae,NA,NA
ASV_66,k__Fungi,p__Ascomycota,c__Dothideomycetes,o__Pleosporales,f__Didymellaceae,NA,NA
ASV_278,k__Fungi,p__Ascomycota,c__Dothideomycetes,o__Pleosporales,f__Didymellaceae,NA,NA
ASV_518,k__Fungi,p__Ascomycota,c__Dothideomycetes,o__Pleosporales,f__Didymellaceae,NA,NA
ASV_217,k__Fungi,p__Ascomycota,c__Dothideomycetes,o__Pleosporales,f__Didymellaceae,NA,NA
ASV_97,k__Fungi,p__Ascomycota,c__Dothideomycetes,o__Pleosporales,f__Didymellaceae,NA,NA
ASV_246,k__Fungi,p__Ascomycota,c__Dothideomycetes,o__Pleosporales,f__Didymellaceae,NA,NA
ASV_92,k__Fungi,p__Ascomycota,c__Dothideomycetes,o__Pleosporales,f__Lindgomycetaceae,g__Clohesyomyces,NA
ASV_402,k__Fungi,p__Ascomycota,c__Dothideomycetes,o__Pleosporales,f__Lindgomycetaceae,g__Clohesyomyces,NA
ASV_1129,k__Fungi,p__Ascomycota,c__Dothideomycetes,o__Pleosporales,NA,NA,NA
ASV_232,k__Fungi,p__Ascomycota,c__Dothideomycetes,o__Pleosporales,NA,NA,NA
ASV_639,k__Fungi,p__Ascomycota,c__Dothideomycetes,o__Pleosporales,NA,NA,NA
ASV_624,k__Fungi,p__Ascomycota,c__Dothideomycetes,o__Pleosporales,NA,NA,NA
ASV_83,k__Fungi,p__Ascomycota,c__Dothideomycetes,o__Pleosporales,NA,NA,NA
ASV_399,k__Fungi,p__Ascomycota,c__Dothideomycetes,o__Pleosporales,NA,NA,NA
ASV_407,k__Fungi,p__Ascomycota,c__Dothideomycetes,o__Pleosporales,NA,NA,NA
ASV_1670,k__Fungi,p__Ascomycota,c__Dothideomycetes,o__Pleosporales,NA,NA,NA
ASV_593,k__Fungi,p__Ascomycota,c__Dothideomycetes,o__Pleosporales,NA,NA,NA
ASV_153,k__Fungi,p__Ascomycota,c__Dothideomycetes,o__Pleosporales,NA,NA,NA
ASV_144,k__Fungi,p__Ascomycota,c__Dothideomycetes,o__Pleosporales,NA,NA,NA
ASV_666,k__Fungi,p__Ascomycota,c__Dothideomycetes,o__Pleosporales,NA,NA,NA
ASV_2277,k__Fungi,p__Ascomycota,c__Dothideomycetes,o__Pleosporales,NA,NA,NA
ASV_1595,k__Fungi,p__Ascomycota,c__Dothideomycetes,o__Pleosporales,NA,NA,NA
ASV_777,k__Fungi,p__Ascomycota,c__Dothideomycetes,o__Pleosporales,NA,NA,NA
ASV_204,k__Fungi,p__Ascomycota,c__Dothideomycetes,o__Pleosporales,NA,NA,NA
ASV_492,k__Fungi,p__Ascomycota,c__Dothideomycetes,o__Pleosporales,NA,NA,NA
ASV_20,k__Fungi,p__Ascomycota,c__Dothideomycetes,o__Pleosporales,NA,NA,NA
ASV_454,k__Fungi,p__Ascomycota,c__Dothideomycetes,o__Pleosporales,NA,NA,NA
ASV_1147,k__Fungi,p__Ascomycota,c__Dothideomycetes,o__Pleosporales,NA,NA,NA
ASV_373,k__Fungi,p__Ascomycota,c__Dothideomycetes,o__Pleosporales,NA,NA,NA
ASV_410,k__Fungi,p__Ascomycota,c__Dothideomycetes,o__Pleosporales,NA,NA,NA
ASV_3031,k__Fungi,p__Ascomycota,c__Dothideomycetes,o__Pleosporales,NA,NA,NA
ASV_1206,k__Fungi,p__Ascomycota,c__Dothideomycetes,o__Pleosporales,NA,NA,NA
ASV_804,k__Fungi,p__Ascomycota,c__Dothideomycetes,o__Pleosporales,NA,NA,NA
ASV_107,k__Fungi,p__Ascomycota,c__Dothideomycetes,o__Pleosporales,f__Lentitheciaceae,g__Poaceascoma,s__helicoides
ASV_191,k__Fungi,p__Ascomycota,c__Dothideomycetes,o__Pleosporales,f__Lentitheciaceae,g__Poaceascoma,s__helicoides
ASV_240,k__Fungi,p__Ascomycota,c__Dothideomycetes,o__Pleosporales,f__Lentitheciaceae,g__Poaceascoma,s__helicoides
ASV_235,k__Fungi,p__Ascomycota,c__Dothideomycetes,o__Pleosporales,f__Lentitheciaceae,g__Keissleriella,NA
ASV_161,k__Fungi,p__Ascomycota,c__Dothideomycetes,o__Pleosporales,f__Cucurbitariaceae,g__Pyrenochaetopsis,s__tabarestanensis
ASV_827,k__Fungi,p__Ascomycota,c__Dothideomycetes,o__Pleosporales,f__Cucurbitariaceae,g__Pyrenochaetopsis,s__leptospora
ASV_828,k__Fungi,p__Ascomycota,c__Dothideomycetes,o__Pleosporales,f__Cucurbitariaceae,g__Pyrenochaetopsis,s__leptospora
ASV_102,k__Fungi,p__Ascomycota,c__Dothideomycetes,o__Pleosporales,f__Cucurbitariaceae,g__Pyrenochaetopsis,NA
ASV_137,k__Fungi,p__Ascomycota,c__Dothideomycetes,o__Pleosporales,f__Cucurbitariaceae,g__Pyrenochaeta,NA
ASV_80,k__Fungi,p__Ascomycota,c__Dothideomycetes,o__Pleosporales,f__Cucurbitariaceae,g__Pyrenochaeta,NA
ASV_1509,k__Fungi,p__Ascomycota,c__Dothideomycetes,o__Pleosporales,f__Tetraplosphaeriaceae,NA,NA
ASV_891,k__Fungi,p__Ascomycota,c__Dothideomycetes,o__Pleosporales,f__Tetraplosphaeriaceae,g__Tetraplosphaeria,NA
ASV_562,k__Fungi,p__Ascomycota,c__Dothideomycetes,o__Pleosporales,f__Phaeosphaeriaceae,g__Didymocyrtis,s__cladoniicola
ASV_646,k__Fungi,p__Ascomycota,c__Dothideomycetes,o__Pleosporales,f__Phaeosphaeriaceae,g__Didymocyrtis,s__cladoniicola
ASV_24,k__Fungi,p__Ascomycota,c__Dothideomycetes,o__Pleosporales,f__Phaeosphaeriaceae,g__Phaeosphaeria,NA
ASV_170,k__Fungi,p__Ascomycota,c__Dothideomycetes,o__Pleosporales,f__Phaeosphaeriaceae,g__Phaeosphaeria,NA
ASV_58,k__Fungi,p__Ascomycota,c__Dothideomycetes,o__Pleosporales,f__Phaeosphaeriaceae,g__Phaeosphaeria,NA
ASV_313,k__Fungi,p__Ascomycota,c__Dothideomycetes,o__Pleosporales,f__Phaeosphaeriaceae,g__Phaeosphaeria,NA
ASV_393,k__Fungi,p__Ascomycota,c__Dothideomycetes,o__Pleosporales,f__Phaeosphaeriaceae,g__Phaeosphaeria,NA
ASV_52,k__Fungi,p__Ascomycota,c__Dothideomycetes,o__Pleosporales,f__Phaeosphaeriaceae,g__Phaeosphaeria,NA
ASV_71,k__Fungi,p__Ascomycota,c__Dothideomycetes,o__Pleosporales,f__Phaeosphaeriaceae,NA,NA
ASV_744,k__Fungi,p__Ascomycota,c__Dothideomycetes,o__Pleosporales,f__Phaeosphaeriaceae,NA,NA
ASV_600,k__Fungi,p__Ascomycota,c__Dothideomycetes,o__Pleosporales,f__Phaeosphaeriaceae,NA,NA
ASV_22,k__Fungi,p__Ascomycota,c__Dothideomycetes,o__Pleosporales,f__Phaeosphaeriaceae,NA,NA
ASV_256,k__Fungi,p__Ascomycota,c__Dothideomycetes,o__Pleosporales,f__Phaeosphaeriaceae,NA,NA
ASV_225,k__Fungi,p__Ascomycota,c__Dothideomycetes,o__Pleosporales,f__Phaeosphaeriaceae,NA,NA
ASV_533,k__Fungi,p__Ascomycota,c__Dothideomycetes,o__Pleosporales,f__Leptosphaeriaceae,g__Plenodomus,s__biglobosus
ASV_7,k__Fungi,p__Ascomycota,c__Dothideomycetes,o__Pleosporales,f__Leptosphaeriaceae,NA,NA
ASV_64,k__Fungi,p__Ascomycota,c__Dothideomycetes,o__Pleosporales,f__Leptosphaeriaceae,NA,NA
ASV_2132,k__Fungi,p__Ascomycota,c__Dothideomycetes,NA,NA,NA,NA
ASV_1035,k__Fungi,p__Ascomycota,c__Dothideomycetes,o__Botryosphaeriales,f__Botryosphaeriaceae,g__Macrophomina,s__phaseolina
ASV_1180,k__Fungi,p__Ascomycota,c__Dothideomycetes,o__Tubeufiales,f__Tubeufiaceae,NA,NA
ASV_690,k__Fungi,p__Ascomycota,c__Dothideomycetes,o__Venturiales,NA,NA,NA
ASV_2341,k__Fungi,p__Ascomycota,c__Dothideomycetes,o__Venturiales,f__Sympoventuriaceae,g__Scolecobasidium,s__constrictum
ASV_6,k__Fungi,p__Ascomycota,c__Dothideomycetes,o__Capnodiales,f__Teratosphaeriaceae,g__Hyweljonesia,s__queenslandica
ASV_327,k__Fungi,p__Ascomycota,c__Dothideomycetes,o__Capnodiales,f__Teratosphaeriaceae,NA,NA
ASV_727,k__Fungi,p__Ascomycota,c__Dothideomycetes,o__Capnodiales,f__Cladosporiaceae,g__Cladosporium,NA
ASV_53,k__Fungi,p__Ascomycota,c__Dothideomycetes,o__Capnodiales,f__Cladosporiaceae,g__Cladosporium,NA
ASV_349,k__Fungi,p__Ascomycota,c__Dothideomycetes,o__Capnodiales,NA,NA,NA
ASV_735,k__Fungi,p__Ascomycota,c__Dothideomycetes,o__Capnodiales,f__Neodevriesiaceae,g__Neodevriesia,s__poagena
ASV_1709,k__Fungi,p__Ascomycota,c__Dothideomycetes,o__Capnodiales,f__Neodevriesiaceae,g__Neodevriesia,s__poagena
ASV_272,k__Fungi,p__Ascomycota,c__Dothideomycetes,o__Capnodiales,f__Neodevriesiaceae,g__Neodevriesia,NA
ASV_4,k__Fungi,p__Ascomycota,c__Dothideomycetes,o__Capnodiales,f__Dissoconiaceae,g__Dissoconium,NA
ASV_157,k__Fungi,p__Ascomycota,c__Dothideomycetes,o__Capnodiales,f__Mycosphaerellaceae,NA,NA
ASV_91,k__Fungi,p__Ascomycota,c__Dothideomycetes,o__Capnodiales,f__Mycosphaerellaceae,NA,NA
ASV_81,k__Fungi,p__Ascomycota,c__Dothideomycetes,o__Capnodiales,f__Mycosphaerellaceae,NA,NA
ASV_39,k__Fungi,p__Ascomycota,c__Dothideomycetes,o__Dothideales,f__Aureobasidiaceae,g__Aureobasidium,s__pullulans
ASV_187,k__Fungi,p__Ascomycota,c__Saccharomycetes,o__Saccharomycetales,f__Phaffomycetaceae,g__Cyberlindnera,s__saturnus
ASV_2280,k__Fungi,p__Ascomycota,c__Saccharomycetes,o__Saccharomycetales,f__Dipodascaceae,NA,NA
ASV_789,k__Fungi,p__Ascomycota,c__Saccharomycetes,o__Saccharomycetales,f__Lipomycetaceae,g__Lipomyces,s__starkeyi
ASV_2896,k__Fungi,p__Ascomycota,c__Saccharomycetes,o__Saccharomycetales,NA,NA,NA
ASV_2024,k__Fungi,p__Ascomycota,c__Saccharomycetes,o__Saccharomycetales,NA,NA,NA
ASV_2437,k__Fungi,p__Ascomycota,c__Saccharomycetes,o__Saccharomycetales,NA,NA,NA
ASV_415,k__Fungi,p__Ascomycota,c__Leotiomycetes,o__Thelebolales,f__Pseudeurotiaceae,g__Pseudeurotium,NA
ASV_114,k__Fungi,p__Ascomycota,c__Leotiomycetes,o__Helotiales,f__Dermateaceae,g__Pezicula,NA
ASV_113,k__Fungi,p__Ascomycota,c__Leotiomycetes,o__Helotiales,f__Hyaloscyphaceae,g__Cistella,NA
ASV_776,k__Fungi,p__Ascomycota,c__Leotiomycetes,o__Helotiales,f__Hyaloscyphaceae,g__Cistella,NA
ASV_50,k__Fungi,p__Ascomycota,c__Leotiomycetes,o__Helotiales,f__Hyaloscyphaceae,g__Lachnum,NA
ASV_437,k__Fungi,p__Ascomycota,c__Leotiomycetes,o__Helotiales,NA,NA,NA
ASV_244,k__Fungi,p__Ascomycota,c__Leotiomycetes,o__Helotiales,NA,NA,NA
ASV_375,k__Fungi,p__Ascomycota,c__Leotiomycetes,o__Helotiales,NA,NA,NA
ASV_189,k__Fungi,p__Ascomycota,c__Leotiomycetes,o__Helotiales,NA,NA,NA
ASV_12,k__Fungi,p__Ascomycota,c__Leotiomycetes,o__Helotiales,NA,NA,NA
ASV_488,k__Fungi,p__Ascomycota,c__Leotiomycetes,o__Helotiales,f__Helotiales_fam_Incertae_sedis,g__Leohumicola,NA
ASV_2377,k__Fungi,p__Ascomycota,c__Leotiomycetes,o__Helotiales,f__Helotiales_fam_Incertae_sedis,g__Acidomelania,s__panicicola
ASV_82,k__Fungi,p__Ascomycota,c__Leotiomycetes,o__Helotiales,f__Helotiales_fam_Incertae_sedis,g__Acidomelania,s__panicicola
ASV_279,k__Fungi,p__Ascomycota,c__Leotiomycetes,o__Helotiales,f__Helotiaceae,g__Tetracladium,s__apiense
ASV_41,k__Fungi,p__Ascomycota,c__Lecanoromycetes,o__Ostropales,f__Gomphillaceae,g__Corticifraga,s__peltigerae
ASV_2638,k__Fungi,p__Ascomycota,c__Lecanoromycetes,o__Ostropales,f__Gomphillaceae,g__Corticifraga,s__peltigerae
ASV_1112,k__Fungi,p__Ascomycota,c__Lecanoromycetes,o__Ostropales,f__Gomphillaceae,g__Corticifraga,s__peltigerae
ASV_271,k__Fungi,p__Ascomycota,c__Eurotiomycetes,o__Eurotiales,f__Trichocomaceae,g__Talaromyces,NA
ASV_1864,k__Fungi,p__Ascomycota,c__Eurotiomycetes,o__Eurotiales,f__Trichocomaceae,g__Talaromyces,NA
ASV_127,k__Fungi,p__Ascomycota,c__Eurotiomycetes,o__Chaetothyriales,f__Chaetothyriaceae,NA,NA
ASV_914,k__Fungi,p__Ascomycota,c__Eurotiomycetes,o__Chaetothyriales,f__Chaetothyriaceae,NA,NA
ASV_505,k__Fungi,p__Ascomycota,c__Eurotiomycetes,o__Chaetothyriales,f__Chaetothyriaceae,NA,NA
ASV_291,k__Fungi,p__Ascomycota,c__Eurotiomycetes,o__Chaetothyriales,f__Chaetothyriaceae,NA,NA
ASV_162,k__Fungi,p__Ascomycota,c__Eurotiomycetes,o__Chaetothyriales,f__Chaetothyriaceae,NA,NA
ASV_110,k__Fungi,p__Ascomycota,c__Eurotiomycetes,o__Chaetothyriales,f__Chaetothyriaceae,NA,NA
ASV_169,k__Fungi,p__Ascomycota,c__Eurotiomycetes,o__Chaetothyriales,f__Chaetothyriaceae,NA,NA
ASV_224,k__Fungi,p__Ascomycota,c__Eurotiomycetes,o__Chaetothyriales,f__Chaetothyriaceae,NA,NA
ASV_38,k__Fungi,p__Ascomycota,c__Eurotiomycetes,o__Chaetothyriales,f__Chaetothyriaceae,NA,NA
ASV_175,k__Fungi,p__Ascomycota,c__Eurotiomycetes,o__Chaetothyriales,f__Chaetothyriaceae,NA,NA
ASV_122,k__Fungi,p__Ascomycota,c__Eurotiomycetes,o__Chaetothyriales,f__Chaetothyriaceae,g__Ceramothyrium,s__carniolicum
ASV_810,k__Fungi,p__Ascomycota,c__Eurotiomycetes,o__Chaetothyriales,f__Herpotrichiellaceae,g__Exophiala,NA
ASV_2541,k__Fungi,p__Ascomycota,c__Eurotiomycetes,o__Chaetothyriales,f__Herpotrichiellaceae,g__Exophiala,NA
ASV_786,k__Fungi,p__Ascomycota,c__Eurotiomycetes,o__Chaetothyriales,f__Herpotrichiellaceae,g__Cladophialophora,NA
ASV_87,k__Fungi,p__Ascomycota,c__Eurotiomycetes,o__Chaetothyriales,f__Herpotrichiellaceae,g__Cladophialophora,NA
ASV_1369,k__Fungi,p__Ascomycota,c__Eurotiomycetes,o__Chaetothyriales,f__Herpotrichiellaceae,g__Phialophora,s__livistonae
ASV_531,k__Fungi,p__Ascomycota,c__Eurotiomycetes,o__Chaetothyriales,f__Herpotrichiellaceae,g__Phialophora,s__livistonae
ASV_259,k__Fungi,p__Ascomycota,c__Eurotiomycetes,o__Chaetothyriales,f__Herpotrichiellaceae,NA,NA
ASV_1248,k__Fungi,p__Ascomycota,c__Eurotiomycetes,o__Chaetothyriales,f__Herpotrichiellaceae,NA,NA
ASV_231,k__Fungi,p__Ascomycota,c__Eurotiomycetes,o__Chaetothyriales,f__Herpotrichiellaceae,NA,NA
ASV_747,k__Fungi,p__Ascomycota,c__Eurotiomycetes,o__Chaetothyriales,f__Herpotrichiellaceae,NA,NA
ASV_1170,k__Fungi,p__Ascomycota,c__Eurotiomycetes,o__Chaetothyriales,f__Herpotrichiellaceae,NA,NA
ASV_4709,k__Fungi,p__Ascomycota,c__Eurotiomycetes,o__Chaetothyriales,f__Herpotrichiellaceae,NA,NA
ASV_1237,k__Fungi,p__Ascomycota,c__Eurotiomycetes,o__Chaetothyriales,f__Herpotrichiellaceae,NA,NA
ASV_288,k__Fungi,p__Ascomycota,c__Eurotiomycetes,o__Chaetothyriales,f__Herpotrichiellaceae,NA,NA
ASV_748,k__Fungi,p__Ascomycota,c__Eurotiomycetes,o__Chaetothyriales,f__Herpotrichiellaceae,NA,NA
ASV_123,k__Fungi,p__Ascomycota,c__Eurotiomycetes,o__Chaetothyriales,f__Herpotrichiellaceae,NA,NA
ASV_780,k__Fungi,p__Ascomycota,c__Eurotiomycetes,o__Chaetothyriales,f__Chaetothyriales_fam_Incertae_sedis,g__Strelitziana,s__albiziae
ASV_208,k__Fungi,p__Ascomycota,c__Eurotiomycetes,o__Chaetothyriales,f__Chaetothyriales_fam_Incertae_sedis,g__Strelitziana,NA
ASV_248,k__Fungi,p__Ascomycota,c__Eurotiomycetes,o__Chaetothyriales,f__Trichomeriaceae,g__Knufia,NA
ASV_439,k__Fungi,p__Ascomycota,c__Eurotiomycetes,o__Chaetothyriales,f__Trichomeriaceae,NA,NA
ASV_630,k__Fungi,p__Ascomycota,c__Eurotiomycetes,o__Chaetothyriales,f__Trichomeriaceae,NA,NA
ASV_763,k__Fungi,p__Ascomycota,c__Eurotiomycetes,o__Chaetothyriales,f__Trichomeriaceae,g__Trichomerium,s__eucalypti
ASV_347,k__Fungi,p__Ascomycota,c__Eurotiomycetes,o__Chaetothyriales,NA,NA,NA
ASV_460,k__Fungi,p__Ascomycota,c__Eurotiomycetes,o__Chaetothyriales,NA,NA,NA
ASV_4268,k__Fungi,p__Ascomycota,c__Eurotiomycetes,o__Chaetothyriales,NA,NA,NA
ASV_292,k__Fungi,p__Ascomycota,c__Eurotiomycetes,o__Chaetothyriales,NA,NA,NA
ASV_1055,k__Fungi,p__Ascomycota,c__Eurotiomycetes,o__Chaetothyriales,NA,NA,NA
ASV_434,k__Fungi,p__Ascomycota,c__Eurotiomycetes,o__Chaetothyriales,NA,NA,NA
ASV_15,k__Fungi,p__Ascomycota,c__Eurotiomycetes,o__Chaetothyriales,NA,NA,NA
ASV_1031,k__Fungi,p__Ascomycota,c__Eurotiomycetes,o__Chaetothyriales,NA,NA,NA
ASV_627,k__Fungi,p__Ascomycota,c__Eurotiomycetes,o__Chaetothyriales,NA,NA,NA
ASV_2244,k__Fungi,p__Ascomycota,c__Eurotiomycetes,o__Chaetothyriales,NA,NA,NA
ASV_268,k__Fungi,p__Ascomycota,c__Eurotiomycetes,o__Chaetothyriales,NA,NA,NA
ASV_542,k__Fungi,p__Ascomycota,c__Eurotiomycetes,o__Chaetothyriales,NA,NA,NA
ASV_135,k__Fungi,p__Ascomycota,c__Eurotiomycetes,o__Chaetothyriales,NA,NA,NA
ASV_120,k__Fungi,p__Ascomycota,c__Eurotiomycetes,NA,NA,NA,NA
ASV_210,k__Fungi,p__Ascomycota,c__Eurotiomycetes,o__Phaeomoniellales,f__Phaeomoniellaceae,NA,NA
ASV_367,k__Fungi,p__Ascomycota,c__Eurotiomycetes,o__Phaeomoniellales,f__Phaeomoniellaceae,NA,NA
ASV_1252,k__Fungi,p__Ascomycota,c__Pezizomycetes,o__Pezizales,f__Ascobolaceae,g__Ascobolus,NA
ASV_1051,k__Fungi,p__Ascomycota,c__Pezizomycetes,o__Pezizales,f__Ascobolaceae,g__Ascobolus,NA
ASV_330,k__Fungi,p__Ascomycota,c__Pezizomycetes,o__Pezizales,f__Ascobolaceae,g__Ascobolus,NA
ASV_829,k__Fungi,p__Ascomycota,c__Pezizomycetes,o__Pezizales,f__Pezizaceae,g__Pachyphlodes,s__virescens
ASV_159,k__Fungi,p__Ascomycota,c__Pezizomycetes,o__Pezizales,f__Pyronemataceae,NA,NA
ASV_3197,k__Fungi,p__Ascomycota,c__Pezizomycetes,o__Pezizales,f__Pyronemataceae,g__Scutellinia,NA
ASV_29,k__Fungi,p__Ascomycota,c__Pezizomycetes,o__Pezizales,f__Pyronemataceae,g__Wilcoxina,s__mikolae
ASV_1710,k__Fungi,p__Ascomycota,c__Pezizomycetes,o__Pezizales,f__Pyronemataceae,g__Pseudaleuria,NA
ASV_145,k__Fungi,p__Ascomycota,c__Pezizomycetes,o__Pezizales,f__Pyronemataceae,g__Pseudaleuria,NA
ASV_595,k__Fungi,p__Ascomycota,c__Pezizomycetes,o__Pezizales,f__Pyronemataceae,g__Byssonectria,NA
ASV_864,k__Fungi,p__Ascomycota,c__Archaeorhizomycetes,NA,NA,NA,NA
ASV_1245,k__Fungi,p__Ascomycota,c__Orbiliomycetes,o__Orbiliales,f__Orbiliaceae,g__Arthrobotrys,s__dactyloides
ASV_1034,k__Fungi,p__Ascomycota,c__Orbiliomycetes,o__Orbiliales,f__Orbiliaceae,g__Dactylaria,s__mitrata
ASV_1417,k__Fungi,p__Ascomycota,c__Orbiliomycetes,o__Orbiliales,f__Orbiliaceae,g__Dactylaria,s__mitrata
ASV_489,k__Fungi,p__Ascomycota,c__Orbiliomycetes,o__Orbiliales,f__Orbiliaceae,NA,NA
ASV_1204,k__Fungi,p__Ascomycota,c__Orbiliomycetes,o__Orbiliales,f__Orbiliaceae,NA,NA
ASV_1579,k__Fungi,p__Ascomycota,c__Orbiliomycetes,o__Orbiliales,f__Orbiliaceae,NA,NA
ASV_2391,k__Fungi,p__Ascomycota,c__Orbiliomycetes,o__Orbiliales,f__Orbiliaceae,NA,NA
ASV_3710,k__Fungi,p__Ascomycota,c__Orbiliomycetes,NA,NA,NA,NA
ASV_765,k__Fungi,p__Ascomycota,c__Orbiliomycetes,NA,NA,NA,NA
ASV_1363,k__Fungi,p__Ascomycota,c__Orbiliomycetes,NA,NA,NA,NA
ASV_687,k__Fungi,p__Ascomycota,NA,NA,NA,NA,NA
ASV_660,k__Fungi,p__Ascomycota,NA,NA,NA,NA,NA
ASV_168,k__Fungi,p__Ascomycota,NA,NA,NA,NA,NA
ASV_2384,k__Fungi,p__Ascomycota,NA,NA,NA,NA,NA
ASV_4596,k__Fungi,p__Ascomycota,NA,NA,NA,NA,NA
ASV_44,k__Fungi,p__Ascomycota,NA,NA,NA,NA,NA
ASV_4371,k__Fungi,p__Ascomycota,NA,NA,NA,NA,NA
ASV_645,k__Fungi,p__Ascomycota,NA,NA,NA,NA,NA
ASV_2196,k__Fungi,p__Ascomycota,NA,NA,NA,NA,NA
ASV_516,k__Fungi,p__Ascomycota,NA,NA,NA,NA,NA
ASV_1275,k__Fungi,p__Ascomycota,NA,NA,NA,NA,NA
ASV_511,k__Fungi,p__Ascomycota,NA,NA,NA,NA,NA
ASV_1734,k__Fungi,p__Ascomycota,NA,NA,NA,NA,NA
ASV_874,k__Fungi,p__Ascomycota,NA,NA,NA,NA,NA
ASV_293,k__Fungi,p__Ascomycota,NA,NA,NA,NA,NA
ASV_1654,k__Fungi,p__Ascomycota,NA,NA,NA,NA,NA
ASV_2487,k__Fungi,p__Ascomycota,NA,NA,NA,NA,NA
ASV_1095,k__Fungi,p__Ascomycota,NA,NA,NA,NA,NA
ASV_791,k__Fungi,p__Ascomycota,NA,NA,NA,NA,NA
ASV_77,k__Fungi,p__Ascomycota,NA,NA,NA,NA,NA
ASV_1148,k__Fungi,p__Ascomycota,NA,NA,NA,NA,NA
ASV_294,k__Fungi,p__Ascomycota,NA,NA,NA,NA,NA
ASV_356,k__Fungi,p__Ascomycota,NA,NA,NA,NA,NA
ASV_3933,k__Fungi,p__Ascomycota,NA,NA,NA,NA,NA
ASV_298,k__Fungi,p__Ascomycota,NA,NA,NA,NA,NA
ASV_221,k__Fungi,p__Ascomycota,NA,NA,NA,NA,NA
ASV_4352,k__Fungi,p__Ascomycota,NA,NA,NA,NA,NA
ASV_1690,k__Fungi,p__Ascomycota,NA,NA,NA,NA,NA
ASV_1538,k__Fungi,p__Ascomycota,NA,NA,NA,NA,NA
ASV_30,k__Fungi,p__Ascomycota,NA,NA,NA,NA,NA
ASV_3395,k__Fungi,p__Ascomycota,NA,NA,NA,NA,NA
ASV_1885,k__Fungi,p__Ascomycota,NA,NA,NA,NA,NA
ASV_19,k__Fungi,p__Ascomycota,NA,NA,NA,NA,NA
ASV_142,k__Fungi,p__Ascomycota,NA,NA,NA,NA,NA
ASV_1466,k__Fungi,p__Ascomycota,NA,NA,NA,NA,NA
ASV_276,k__Fungi,p__Ascomycota,NA,NA,NA,NA,NA
ASV_1076,k__Fungi,p__Ascomycota,NA,NA,NA,NA,NA
ASV_1573,k__Fungi,p__Ascomycota,NA,NA,NA,NA,NA
ASV_90,k__Fungi,p__Ascomycota,NA,NA,NA,NA,NA
ASV_1598,k__Fungi,p__Ascomycota,NA,NA,NA,NA,NA
ASV_1677,k__Fungi,p__Ascomycota,NA,NA,NA,NA,NA
ASV_115,k__Fungi,p__Basidiomycota,NA,NA,NA,NA,NA
ASV_857,k__Fungi,p__Basidiomycota,NA,NA,NA,NA,NA
ASV_3373,k__Fungi,p__Basidiomycota,NA,NA,NA,NA,NA
ASV_4769,k__Fungi,p__Basidiomycota,NA,NA,NA,NA,NA
ASV_1543,k__Fungi,p__Basidiomycota,NA,NA,NA,NA,NA
ASV_1513,k__Fungi,p__Basidiomycota,NA,NA,NA,NA,NA
ASV_3419,k__Fungi,p__Basidiomycota,NA,NA,NA,NA,NA
ASV_1352,k__Fungi,p__Basidiomycota,NA,NA,NA,NA,NA
ASV_1329,k__Fungi,p__Basidiomycota,NA,NA,NA,NA,NA
ASV_2234,k__Fungi,p__Basidiomycota,NA,NA,NA,NA,NA
ASV_1326,k__Fungi,p__Basidiomycota,NA,NA,NA,NA,NA
ASV_3246,k__Fungi,p__Basidiomycota,NA,NA,NA,NA,NA
ASV_2375,k__Fungi,p__Basidiomycota,NA,NA,NA,NA,NA
ASV_3914,k__Fungi,p__Basidiomycota,NA,NA,NA,NA,NA
ASV_4081,k__Fungi,p__Basidiomycota,c__Geminibasidiomycetes,o__Geminibasidiales,f__Geminibasidiaceae,g__Geminibasidium,NA
ASV_398,k__Fungi,p__Basidiomycota,c__Agaricomycetes,o__Sebacinales,f__Serendipitaceae,NA,NA
ASV_524,k__Fungi,p__Basidiomycota,c__Agaricomycetes,o__Sebacinales,f__Serendipitaceae,NA,NA
ASV_671,k__Fungi,p__Basidiomycota,c__Agaricomycetes,o__Sebacinales,f__Serendipitaceae,NA,NA
ASV_441,k__Fungi,p__Basidiomycota,c__Agaricomycetes,o__Sebacinales,NA,NA,NA
ASV_1299,k__Fungi,p__Basidiomycota,c__Agaricomycetes,o__Sebacinales,NA,NA,NA
ASV_661,k__Fungi,p__Basidiomycota,c__Agaricomycetes,o__Sebacinales,f__Sebacinaceae,NA,NA
ASV_564,k__Fungi,p__Basidiomycota,c__Agaricomycetes,o__Sebacinales,f__Sebacinaceae,NA,NA
ASV_361,k__Fungi,p__Basidiomycota,c__Agaricomycetes,o__Sebacinales,f__Sebacinaceae,g__Sebacina,NA
ASV_4396,k__Fungi,p__Basidiomycota,c__Agaricomycetes,o__Hymenochaetales,f__Schizoporaceae,g__Xylodon,s__flaviporus
ASV_2890,k__Fungi,p__Basidiomycota,c__Agaricomycetes,o__Agaricales,f__Lycoperdaceae,g__Lycoperdon,NA
ASV_1983,k__Fungi,p__Basidiomycota,c__Agaricomycetes,o__Agaricales,f__Lycoperdaceae,g__Lycoperdon,NA
ASV_2364,k__Fungi,p__Basidiomycota,c__Agaricomycetes,o__Agaricales,f__Tricholomataceae,g__Lepista,s__sordida
ASV_8,k__Fungi,p__Basidiomycota,c__Agaricomycetes,o__Agaricales,f__Tricholomataceae,g__Delicatula,s__integrella
ASV_88,k__Fungi,p__Basidiomycota,c__Agaricomycetes,o__Agaricales,f__Tricholomataceae,g__Delicatula,s__integrella
ASV_40,k__Fungi,p__Basidiomycota,c__Agaricomycetes,o__Agaricales,f__Tricholomataceae,g__Clitocybe,s__ulmicola
ASV_1833,k__Fungi,p__Basidiomycota,c__Agaricomycetes,o__Agaricales,f__Tricholomataceae,g__Calyptella,s__capula
ASV_49,k__Fungi,p__Basidiomycota,c__Agaricomycetes,o__Agaricales,f__Tricholomataceae,g__Mycena,NA
ASV_11,k__Fungi,p__Basidiomycota,c__Agaricomycetes,o__Agaricales,f__Tricholomataceae,g__Mycena,NA
ASV_16,k__Fungi,p__Basidiomycota,c__Agaricomycetes,o__Agaricales,f__Tricholomataceae,g__Mycena,NA
ASV_273,k__Fungi,p__Basidiomycota,c__Agaricomycetes,o__Agaricales,f__Tricholomataceae,NA,NA
ASV_308,k__Fungi,p__Basidiomycota,c__Agaricomycetes,o__Agaricales,f__Tricholomataceae,NA,NA
ASV_1119,k__Fungi,p__Basidiomycota,c__Agaricomycetes,o__Agaricales,f__Tricholomataceae,NA,NA
ASV_2195,k__Fungi,p__Basidiomycota,c__Agaricomycetes,o__Agaricales,f__Tricholomataceae,NA,NA
ASV_1741,k__Fungi,p__Basidiomycota,c__Agaricomycetes,o__Agaricales,f__Tricholomataceae,NA,NA
ASV_295,k__Fungi,p__Basidiomycota,c__Agaricomycetes,o__Agaricales,f__Inocybaceae,g__Inocybe,NA
ASV_1469,k__Fungi,p__Basidiomycota,c__Agaricomycetes,o__Agaricales,f__Inocybaceae,g__Inocybe,NA
ASV_128,k__Fungi,p__Basidiomycota,c__Agaricomycetes,o__Agaricales,f__Inocybaceae,g__Inocybe,s__napipes
ASV_2293,k__Fungi,p__Basidiomycota,c__Agaricomycetes,o__Agaricales,NA,NA,NA
ASV_190,k__Fungi,p__Basidiomycota,c__Agaricomycetes,o__Agaricales,NA,NA,NA
ASV_1168,k__Fungi,p__Basidiomycota,c__Agaricomycetes,o__Agaricales,NA,NA,NA
ASV_885,k__Fungi,p__Basidiomycota,c__Agaricomycetes,o__Agaricales,NA,NA,NA
ASV_5993,k__Fungi,p__Basidiomycota,c__Agaricomycetes,o__Agaricales,NA,NA,NA
ASV_117,k__Fungi,p__Basidiomycota,c__Agaricomycetes,o__Agaricales,NA,NA,NA
ASV_253,k__Fungi,p__Basidiomycota,c__Agaricomycetes,o__Agaricales,NA,NA,NA
ASV_9,k__Fungi,p__Basidiomycota,c__Agaricomycetes,o__Agaricales,NA,NA,NA
ASV_67,k__Fungi,p__Basidiomycota,c__Agaricomycetes,o__Agaricales,NA,NA,NA
ASV_202,k__Fungi,p__Basidiomycota,c__Agaricomycetes,o__Agaricales,NA,NA,NA
ASV_184,k__Fungi,p__Basidiomycota,c__Agaricomycetes,o__Agaricales,NA,NA,NA
ASV_57,k__Fungi,p__Basidiomycota,c__Agaricomycetes,o__Agaricales,NA,NA,NA
ASV_522,k__Fungi,p__Basidiomycota,c__Agaricomycetes,o__Agaricales,NA,NA,NA
ASV_325,k__Fungi,p__Basidiomycota,c__Agaricomycetes,o__Agaricales,NA,NA,NA
ASV_27,k__Fungi,p__Basidiomycota,c__Agaricomycetes,o__Agaricales,NA,NA,NA
ASV_1238,k__Fungi,p__Basidiomycota,c__Agaricomycetes,o__Agaricales,NA,NA,NA
ASV_427,k__Fungi,p__Basidiomycota,c__Agaricomycetes,o__Agaricales,NA,NA,NA
ASV_1015,k__Fungi,p__Basidiomycota,c__Agaricomycetes,o__Agaricales,NA,NA,NA
ASV_36,k__Fungi,p__Basidiomycota,c__Agaricomycetes,o__Agaricales,f__Clavariaceae,NA,NA
ASV_634,k__Fungi,p__Basidiomycota,c__Agaricomycetes,o__Agaricales,f__Clavariaceae,NA,NA
ASV_759,k__Fungi,p__Basidiomycota,c__Agaricomycetes,o__Agaricales,f__Clavariaceae,NA,NA
ASV_262,k__Fungi,p__Basidiomycota,c__Agaricomycetes,o__Agaricales,f__Clavariaceae,NA,NA
ASV_126,k__Fungi,p__Basidiomycota,c__Agaricomycetes,o__Agaricales,f__Clavariaceae,NA,NA
ASV_180,k__Fungi,p__Basidiomycota,c__Agaricomycetes,o__Agaricales,f__Clavariaceae,NA,NA
ASV_89,k__Fungi,p__Basidiomycota,c__Agaricomycetes,o__Agaricales,f__Clavariaceae,NA,NA
ASV_742,k__Fungi,p__Basidiomycota,c__Agaricomycetes,o__Agaricales,f__Clavariaceae,NA,NA
ASV_604,k__Fungi,p__Basidiomycota,c__Agaricomycetes,o__Agaricales,f__Clavariaceae,NA,NA
ASV_63,k__Fungi,p__Basidiomycota,c__Agaricomycetes,o__Agaricales,f__Clavariaceae,NA,NA
ASV_782,k__Fungi,p__Basidiomycota,c__Agaricomycetes,o__Agaricales,f__Clavariaceae,NA,NA
ASV_195,k__Fungi,p__Basidiomycota,c__Agaricomycetes,o__Agaricales,f__Clavariaceae,g__Camarophyllopsis,NA
ASV_51,k__Fungi,p__Basidiomycota,c__Agaricomycetes,o__Agaricales,f__Clavariaceae,g__Camarophyllopsis,NA
ASV_35,k__Fungi,p__Basidiomycota,c__Agaricomycetes,o__Agaricales,f__Clavariaceae,g__Clavaria,s__falcata
ASV_1498,k__Fungi,p__Basidiomycota,c__Agaricomycetes,o__Agaricales,f__Clavariaceae,g__Clavaria,NA
ASV_124,k__Fungi,p__Basidiomycota,c__Agaricomycetes,o__Agaricales,f__Clavariaceae,g__Clavaria,NA
ASV_2271,k__Fungi,p__Basidiomycota,c__Agaricomycetes,o__Agaricales,f__Pleurotaceae,NA,NA
ASV_3041,k__Fungi,p__Basidiomycota,c__Agaricomycetes,o__Agaricales,f__Cyphellaceae,NA,NA
ASV_977,k__Fungi,p__Basidiomycota,c__Agaricomycetes,o__Agaricales,f__Psathyrellaceae,g__Psathyrella,NA
ASV_1863,k__Fungi,p__Basidiomycota,c__Agaricomycetes,o__Agaricales,f__Psathyrellaceae,g__Psathyrella,s__candolleana
ASV_575,k__Fungi,p__Basidiomycota,c__Agaricomycetes,o__Agaricales,f__Psathyrellaceae,g__Psathyrella,s__squamosa
ASV_2964,k__Fungi,p__Basidiomycota,c__Agaricomycetes,o__Agaricales,f__Entolomataceae,NA,NA
ASV_2186,k__Fungi,p__Basidiomycota,c__Agaricomycetes,o__Agaricales,f__Entolomataceae,NA,NA
ASV_3670,k__Fungi,p__Basidiomycota,c__Agaricomycetes,o__Agaricales,f__Entolomataceae,g__Entoloma,NA
ASV_14,k__Fungi,p__Basidiomycota,c__Agaricomycetes,o__Agaricales,f__Entolomataceae,g__Entoloma,NA
ASV_3859,k__Fungi,p__Basidiomycota,c__Agaricomycetes,o__Agaricales,f__Entolomataceae,g__Entoloma,NA
ASV_1752,k__Fungi,p__Basidiomycota,c__Agaricomycetes,o__Agaricales,f__Entolomataceae,g__Clitopilus,NA
ASV_43,k__Fungi,p__Basidiomycota,c__Agaricomycetes,o__Agaricales,f__Amanitaceae,g__Amanita,NA
ASV_1298,k__Fungi,p__Basidiomycota,c__Agaricomycetes,o__Agaricales,f__Strophariaceae,g__Psilocybe,s__coprophila
ASV_104,k__Fungi,p__Basidiomycota,c__Agaricomycetes,o__Agaricales,f__Hydnangiaceae,g__Laccaria,NA
ASV_1759,k__Fungi,p__Basidiomycota,c__Agaricomycetes,o__Agaricales,f__Pluteaceae,g__Pluteus,NA
ASV_1467,k__Fungi,p__Basidiomycota,c__Agaricomycetes,o__Agaricales,f__Pluteaceae,g__Pluteus,NA
ASV_3543,k__Fungi,p__Basidiomycota,c__Agaricomycetes,o__Agaricales,f__Pluteaceae,g__Pluteus,s__septocystidiatus
ASV_62,k__Fungi,p__Basidiomycota,c__Agaricomycetes,o__Agaricales,f__Marasmiaceae,g__Marasmius,NA
ASV_847,k__Fungi,p__Basidiomycota,c__Agaricomycetes,o__Agaricales,f__Hygrophoraceae,g__Hygrocybe,NA
ASV_93,k__Fungi,p__Basidiomycota,c__Agaricomycetes,o__Boletales,f__Rhizopogonaceae,g__Rhizopogon,NA
ASV_95,k__Fungi,p__Basidiomycota,c__Agaricomycetes,o__Russulales,f__Lachnocladiaceae,NA,NA
ASV_59,k__Fungi,p__Basidiomycota,c__Agaricomycetes,o__Russulales,f__Lachnocladiaceae,NA,NA
ASV_84,k__Fungi,p__Basidiomycota,c__Agaricomycetes,o__Russulales,f__Lachnocladiaceae,g__Vararia,NA
ASV_70,k__Fungi,p__Basidiomycota,c__Agaricomycetes,o__Russulales,f__Lachnocladiaceae,g__Vararia,NA
ASV_3217,k__Fungi,p__Basidiomycota,c__Agaricomycetes,o__Russulales,f__Stereaceae,g__Stereum,s__complicatum
ASV_4439,k__Fungi,p__Basidiomycota,c__Agaricomycetes,o__Polyporales,f__Ganodermataceae,g__Ganoderma,NA
ASV_6039,k__Fungi,p__Basidiomycota,c__Agaricomycetes,o__Cantharellales,f__Cantharellales_fam_Incertae_sedis,g__Sistotrema,NA
ASV_550,k__Fungi,p__Basidiomycota,c__Agaricomycetes,o__Cantharellales,f__Cantharellales_fam_Incertae_sedis,g__Minimedusa,s__polyspora
ASV_693,k__Fungi,p__Basidiomycota,c__Agaricomycetes,o__Cantharellales,f__Cantharellales_fam_Incertae_sedis,g__Minimedusa,s__polyspora
ASV_509,k__Fungi,p__Basidiomycota,c__Agaricomycetes,o__Cantharellales,f__Cantharellales_fam_Incertae_sedis,NA,NA
ASV_455,k__Fungi,p__Basidiomycota,c__Agaricomycetes,o__Cantharellales,f__Cantharellales_fam_Incertae_sedis,NA,NA
ASV_1214,k__Fungi,p__Basidiomycota,c__Agaricomycetes,o__Cantharellales,f__Cantharellales_fam_Incertae_sedis,NA,NA
ASV_140,k__Fungi,p__Basidiomycota,c__Agaricomycetes,o__Cantharellales,f__Ceratobasidiaceae,g__Thanatephorus,s__cucumeris
ASV_200,k__Fungi,p__Basidiomycota,c__Agaricomycetes,o__Cantharellales,f__Ceratobasidiaceae,g__Thanatephorus,s__cucumeris
ASV_211,k__Fungi,p__Basidiomycota,c__Agaricomycetes,o__Cantharellales,f__Ceratobasidiaceae,g__Thanatephorus,s__cucumeris
ASV_1458,k__Fungi,p__Basidiomycota,c__Agaricomycetes,o__Cantharellales,f__Ceratobasidiaceae,g__Thanatephorus,s__cucumeris
ASV_1464,k__Fungi,p__Basidiomycota,c__Agaricomycetes,o__Cantharellales,f__Ceratobasidiaceae,g__Thanatephorus,s__cucumeris
ASV_816,k__Fungi,p__Basidiomycota,c__Agaricomycetes,o__Cantharellales,f__Ceratobasidiaceae,NA,NA
ASV_971,k__Fungi,p__Basidiomycota,c__Agaricomycetes,o__Cantharellales,f__Ceratobasidiaceae,NA,NA
ASV_955,k__Fungi,p__Basidiomycota,c__Agaricomycetes,o__Cantharellales,f__Ceratobasidiaceae,NA,NA
ASV_216,k__Fungi,p__Basidiomycota,c__Agaricomycetes,o__Cantharellales,f__Ceratobasidiaceae,NA,NA
ASV_889,k__Fungi,p__Basidiomycota,c__Agaricomycetes,o__Cantharellales,f__Ceratobasidiaceae,NA,NA
ASV_416,k__Fungi,p__Basidiomycota,c__Agaricomycetes,o__Cantharellales,f__Ceratobasidiaceae,NA,NA
ASV_282,k__Fungi,p__Basidiomycota,c__Agaricomycetes,o__Cantharellales,f__Ceratobasidiaceae,NA,NA
ASV_424,k__Fungi,p__Basidiomycota,c__Agaricomycetes,o__Cantharellales,f__Ceratobasidiaceae,NA,NA
ASV_2118,k__Fungi,p__Basidiomycota,c__Agaricomycetes,o__Cantharellales,f__Ceratobasidiaceae,NA,NA
ASV_1043,k__Fungi,p__Basidiomycota,c__Agaricomycetes,NA,NA,NA,NA
ASV_2217,k__Fungi,p__Basidiomycota,c__Agaricomycetes,NA,NA,NA,NA
ASV_863,k__Fungi,p__Basidiomycota,c__Agaricomycetes,NA,NA,NA,NA
ASV_642,k__Fungi,p__Basidiomycota,c__Agaricomycetes,NA,NA,NA,NA
ASV_178,k__Fungi,p__Basidiomycota,c__Agaricomycetes,NA,NA,NA,NA
ASV_839,k__Fungi,p__Basidiomycota,c__Agaricomycetes,NA,NA,NA,NA
ASV_119,k__Fungi,p__Basidiomycota,c__Agaricomycetes,NA,NA,NA,NA
ASV_1128,k__Fungi,p__Basidiomycota,c__Agaricomycetes,NA,NA,NA,NA
ASV_158,k__Fungi,p__Basidiomycota,c__Agaricomycetes,NA,NA,NA,NA
ASV_42,k__Fungi,p__Basidiomycota,c__Agaricomycetes,NA,NA,NA,NA
ASV_150,k__Fungi,p__Basidiomycota,c__Agaricomycetes,NA,NA,NA,NA
ASV_198,k__Fungi,p__Basidiomycota,c__Agaricomycetes,NA,NA,NA,NA
ASV_961,k__Fungi,p__Basidiomycota,c__Agaricomycetes,NA,NA,NA,NA
ASV_1251,k__Fungi,p__Basidiomycota,c__Agaricomycetes,NA,NA,NA,NA
ASV_2292,k__Fungi,p__Basidiomycota,c__Agaricomycetes,NA,NA,NA,NA
ASV_599,k__Fungi,p__Basidiomycota,c__Agaricomycetes,NA,NA,NA,NA
ASV_2117,k__Fungi,p__Basidiomycota,c__Agaricomycetes,NA,NA,NA,NA
ASV_176,k__Fungi,p__Basidiomycota,c__Agaricomycetes,NA,NA,NA,NA
ASV_45,k__Fungi,p__Basidiomycota,c__Agaricomycetes,NA,NA,NA,NA
ASV_334,k__Fungi,p__Basidiomycota,c__Agaricomycetes,NA,NA,NA,NA
ASV_2554,k__Fungi,p__Basidiomycota,c__Agaricomycetes,NA,NA,NA,NA
ASV_328,k__Fungi,p__Basidiomycota,c__Agaricomycetes,NA,NA,NA,NA
ASV_101,k__Fungi,p__Basidiomycota,c__Agaricomycetes,NA,NA,NA,NA
ASV_653,k__Fungi,p__Basidiomycota,c__Agaricomycetes,NA,NA,NA,NA
ASV_174,k__Fungi,p__Basidiomycota,c__Agaricomycetes,NA,NA,NA,NA
ASV_603,k__Fungi,p__Basidiomycota,c__Agaricomycetes,o__Auriculariales,NA,NA,NA
ASV_820,k__Fungi,p__Basidiomycota,c__Agaricomycetes,o__Auriculariales,NA,NA,NA
ASV_1258,k__Fungi,p__Basidiomycota,c__Agaricomycetes,o__Auriculariales,NA,NA,NA
ASV_1984,k__Fungi,p__Basidiomycota,c__Agaricomycetes,o__Auriculariales,NA,NA,NA
ASV_446,k__Fungi,p__Basidiomycota,c__Agaricomycetes,o__Auriculariales,f__Exidiaceae,NA,NA
ASV_252,k__Fungi,p__Basidiomycota,c__Agaricomycetes,o__Auriculariales,f__Exidiaceae,NA,NA
ASV_1555,k__Fungi,p__Basidiomycota,c__Agaricomycetes,o__Auriculariales,f__Exidiaceae,NA,NA
ASV_978,k__Fungi,p__Basidiomycota,c__Agaricomycetes,o__Auriculariales,f__Exidiaceae,NA,NA
ASV_26,k__Fungi,p__Basidiomycota,c__Agaricomycetes,o__Trechisporales,NA,NA,NA
ASV_270,k__Fungi,p__Basidiomycota,c__Agaricomycetes,o__Thelephorales,f__Thelephoraceae,NA,NA
ASV_980,k__Fungi,p__Basidiomycota,c__Agaricomycetes,o__Thelephorales,f__Thelephoraceae,g__Thelephora,s__corticioides
ASV_47,k__Fungi,p__Basidiomycota,c__Agaricomycetes,o__Atheliales,f__Atheliaceae,g__Amphinema,NA
ASV_132,k__Fungi,p__Basidiomycota,c__Agaricomycetes,o__Atheliales,f__Atheliaceae,g__Tylospora,NA
ASV_411,k__Fungi,p__Basidiomycota,c__Agaricomycetes,o__Atheliales,f__Atheliaceae,g__Tylospora,NA
ASV_1342,k__Fungi,p__Basidiomycota,c__Microbotryomycetes,o__Sporidiobolales,f__Sporidiobolaceae,g__Sporobolomyces,NA
ASV_3084,k__Fungi,p__Basidiomycota,c__Microbotryomycetes,o__Microbotryomycetes_ord_Incertae_sedis,f__Chrysozymaceae,g__Chrysozyma,s__griseoflava
ASV_2214,k__Fungi,p__Basidiomycota,c__Microbotryomycetes,o__Leucosporidiales,NA,NA,NA
ASV_136,k__Fungi,p__Basidiomycota,c__Exobasidiomycetes,o__Golubeviales,f__Golubeviaceae,g__Golubevia,s__pallescens
ASV_833,k__Fungi,p__Basidiomycota,c__Exobasidiomycetes,o__Golubeviales,f__Golubeviaceae,g__Golubevia,s__pallescens
ASV_4321,k__Fungi,p__Basidiomycota,c__Exobasidiomycetes,o__Tilletiales,f__Tilletiaceae,g__Tilletia,NA
ASV_3287,k__Fungi,p__Basidiomycota,c__Exobasidiomycetes,o__Tilletiales,f__Tilletiaceae,g__Tilletia,NA
ASV_916,k__Fungi,p__Basidiomycota,c__Exobasidiomycetes,o__Exobasidiales,f__Exobasidiaceae,g__Exobasidium,NA
ASV_856,k__Fungi,p__Basidiomycota,c__Exobasidiomycetes,o__Exobasidiales,f__Brachybasidiaceae,g__Meira,s__argovae
ASV_1962,k__Fungi,p__Basidiomycota,c__Exobasidiomycetes,o__Exobasidiales,f__Brachybasidiaceae,g__Meira,s__argovae
ASV_3134,k__Fungi,p__Basidiomycota,c__Cystobasidiomycetes,o__Cystobasidiomycetes_ord_Incertae_sedis,f__Symmetrosporaceae,g__Symmetrospora,NA
ASV_3610,k__Fungi,p__Basidiomycota,c__Cystobasidiomycetes,o__Cystobasidiomycetes_ord_Incertae_sedis,f__Symmetrosporaceae,g__Symmetrospora,NA
ASV_2706,k__Fungi,p__Basidiomycota,c__Cystobasidiomycetes,o__Cystobasidiomycetes_ord_Incertae_sedis,f__Microsporomycetaceae,NA,NA
ASV_5641,k__Fungi,p__Basidiomycota,c__Cystobasidiomycetes,o__Cystobasidiales,f__Cystobasidiaceae,g__Occultifur,NA
ASV_2466,k__Fungi,p__Basidiomycota,c__Cystobasidiomycetes,o__Erythrobasidiales,f__Erythrobasidiales_fam_Incertae_sedis,g__Sakaguchia,NA
ASV_1414,k__Fungi,p__Basidiomycota,c__Cystobasidiomycetes,o__Erythrobasidiales,f__Erythrobasidiaceae,g__Bannoa,NA
ASV_1044,k__Fungi,p__Basidiomycota,c__Cystobasidiomycetes,o__Erythrobasidiales,f__Erythrobasidiaceae,g__Bannoa,NA
ASV_2871,k__Fungi,p__Basidiomycota,c__Cystobasidiomycetes,o__Erythrobasidiales,f__Erythrobasidiaceae,g__Bannoa,NA
ASV_1345,k__Fungi,p__Basidiomycota,c__Cystobasidiomycetes,o__Erythrobasidiales,f__Erythrobasidiaceae,g__Erythrobasidium,s__hasegawianum
ASV_2010,k__Fungi,p__Basidiomycota,c__Cystobasidiomycetes,o__Erythrobasidiales,f__Erythrobasidiaceae,g__Erythrobasidium,s__hasegawianum
ASV_2127,k__Fungi,p__Basidiomycota,c__Cystobasidiomycetes,o__Erythrobasidiales,f__Erythrobasidiaceae,g__Erythrobasidium,NA
ASV_138,k__Fungi,p__Basidiomycota,c__Cystobasidiomycetes,o__Erythrobasidiales,f__Erythrobasidiaceae,g__Erythrobasidium,NA
ASV_717,k__Fungi,p__Basidiomycota,c__Cystobasidiomycetes,o__Erythrobasidiales,f__Erythrobasidiaceae,g__Erythrobasidium,NA
ASV_1018,k__Fungi,p__Basidiomycota,c__Cystobasidiomycetes,o__Erythrobasidiales,f__Erythrobasidiaceae,g__Erythrobasidium,NA
ASV_649,k__Fungi,p__Basidiomycota,c__Cystobasidiomycetes,o__Erythrobasidiales,f__Erythrobasidiaceae,g__Erythrobasidium,NA
ASV_2675,k__Fungi,p__Basidiomycota,c__Cystobasidiomycetes,o__Erythrobasidiales,f__Erythrobasidiaceae,g__Erythrobasidium,NA
ASV_1167,k__Fungi,p__Basidiomycota,c__Cystobasidiomycetes,o__Erythrobasidiales,f__Erythrobasidiaceae,g__Erythrobasidium,NA
ASV_525,k__Fungi,p__Basidiomycota,c__Cystobasidiomycetes,o__Erythrobasidiales,NA,NA,NA
ASV_149,k__Fungi,p__Basidiomycota,c__Spiculogloeomycetes,o__Spiculogloeales,f__Spiculogloeaceae,g__Phyllozyma,s__linderae
ASV_526,k__Fungi,p__Basidiomycota,c__Spiculogloeomycetes,o__Spiculogloeales,f__Spiculogloeaceae,g__Phyllozyma,s__linderae
ASV_1219,k__Fungi,p__Basidiomycota,c__Spiculogloeomycetes,o__Spiculogloeales,f__Spiculogloeaceae,g__Phyllozyma,s__novozealandica
ASV_223,k__Fungi,p__Basidiomycota,c__Pucciniomycetes,o__Platygloeales,NA,NA,NA
ASV_1502,k__Fungi,p__Basidiomycota,c__Pucciniomycetes,o__Pucciniales,f__Pucciniaceae,g__Puccinia,s__emaculata
ASV_60,k__Fungi,p__Basidiomycota,c__Pucciniomycetes,o__Pucciniales,f__Pucciniaceae,g__Puccinia,s__emaculata
ASV_368,k__Fungi,p__Basidiomycota,c__Pucciniomycetes,o__Pucciniales,f__Pucciniaceae,g__Puccinia,s__emaculata
ASV_2689,k__Fungi,p__Basidiomycota,c__Pucciniomycetes,o__Pucciniales,f__Pucciniaceae,g__Puccinia,s__emaculata
ASV_32,k__Fungi,p__Basidiomycota,c__Pucciniomycetes,o__Pucciniales,f__Pucciniaceae,g__Puccinia,s__emaculata
ASV_3,k__Fungi,p__Basidiomycota,c__Pucciniomycetes,o__Pucciniales,f__Pucciniaceae,g__Puccinia,s__emaculata
ASV_165,k__Fungi,p__Basidiomycota,c__Pucciniomycetes,o__Pucciniales,f__Pucciniaceae,g__Puccinia,s__emaculata
ASV_18,k__Fungi,p__Basidiomycota,c__Pucciniomycetes,o__Pucciniales,f__Pucciniaceae,g__Puccinia,s__emaculata
ASV_1925,k__Fungi,p__Basidiomycota,c__Pucciniomycetes,o__Pucciniales,f__Pucciniaceae,g__Puccinia,s__emaculata
ASV_2180,k__Fungi,p__Basidiomycota,c__Pucciniomycetes,o__Pucciniales,f__Pucciniaceae,g__Puccinia,NA
ASV_188,k__Fungi,p__Basidiomycota,c__Tremellomycetes,o__Filobasidiales,f__Piskurozymaceae,g__Solicoccozyma,NA
ASV_2865,k__Fungi,p__Basidiomycota,c__Tremellomycetes,o__Filobasidiales,f__Piskurozymaceae,g__Solicoccozyma,NA
ASV_2157,k__Fungi,p__Basidiomycota,c__Tremellomycetes,o__Filobasidiales,f__Piskurozymaceae,g__Solicoccozyma,NA
ASV_443,k__Fungi,p__Basidiomycota,c__Tremellomycetes,o__Filobasidiales,f__Piskurozymaceae,g__Solicoccozyma,s__terricola
ASV_4374,k__Fungi,p__Basidiomycota,c__Tremellomycetes,o__Cystofilobasidiales,f__Mrakiaceae,g__Tausonia,s__pullulans
ASV_796,k__Fungi,p__Basidiomycota,c__Tremellomycetes,NA,NA,NA,NA
ASV_3007,k__Fungi,p__Basidiomycota,c__Tremellomycetes,NA,NA,NA,NA
ASV_1738,k__Fungi,p__Basidiomycota,c__Tremellomycetes,o__Tremellales,NA,NA,NA
ASV_392,k__Fungi,p__Basidiomycota,c__Tremellomycetes,o__Tremellales,f__Trimorphomycetaceae,g__Saitozyma,s__flava
ASV_565,k__Fungi,p__Basidiomycota,c__Tremellomycetes,o__Tremellales,f__Trimorphomycetaceae,g__Saitozyma,s__podzolica
ASV_56,k__Fungi,p__Basidiomycota,c__Tremellomycetes,o__Tremellales,f__Trimorphomycetaceae,g__Saitozyma,s__podzolica
ASV_572,k__Fungi,p__Basidiomycota,c__Tremellomycetes,o__Tremellales,f__Trimorphomycetaceae,g__Saitozyma,NA
ASV_130,k__Fungi,p__Basidiomycota,c__Tremellomycetes,o__Tremellales,f__Bulleraceae,g__Bullera,s__penniseticola
ASV_406,k__Fungi,p__Basidiomycota,c__Tremellomycetes,o__Tremellales,f__Bulleraceae,g__Bullera,s__penniseticola
ASV_975,k__Fungi,p__Basidiomycota,c__Tremellomycetes,o__Tremellales,f__Bulleraceae,g__Genolevuria,NA
ASV_2855,k__Fungi,p__Basidiomycota,c__Tremellomycetes,o__Tremellales,f__Cuniculitremaceae,g__Kockovaella,NA
ASV_68,k__Fungi,p__Basidiomycota,c__Tremellomycetes,o__Tremellales,f__Cuniculitremaceae,g__Kockovaella,NA
ASV_1519,k__Fungi,p__Basidiomycota,c__Tremellomycetes,o__Tremellales,f__Rhynchogastremataceae,g__Papiliotrema,s__fusca
ASV_2470,k__Fungi,p__Basidiomycota,c__Tremellomycetes,o__Tremellales,f__Carcinomycetaceae,g__Carcinomyces,NA
ASV_1934,k__Fungi,p__Basidiomycota,c__Tremellomycetes,o__Tremellales,f__Carcinomycetaceae,g__Carcinomyces,NA
ASV_378,k__Fungi,p__Basidiomycota,c__Tremellomycetes,o__Tremellales,f__Bulleribasidiaceae,g__Derxomyces,NA
ASV_973,k__Fungi,p__Basidiomycota,c__Tremellomycetes,o__Tremellales,f__Bulleribasidiaceae,g__Derxomyces,s__pseudoschimicola
ASV_3289,k__Fungi,p__Basidiomycota,c__Tremellomycetes,o__Tremellales,f__Bulleribasidiaceae,g__Dioszegia,NA
ASV_182,k__Fungi,p__Basidiomycota,c__Tremellomycetes,o__Tremellales,f__Bulleribasidiaceae,g__Hannaella,NA
ASV_236,k__Fungi,p__Basidiomycota,c__Tremellomycetes,o__Tremellales,f__Bulleribasidiaceae,g__Hannaella,s__pagnoccae
ASV_55,k__Fungi,p__Basidiomycota,c__Tremellomycetes,o__Tremellales,f__Bulleribasidiaceae,g__Hannaella,s__pagnoccae
ASV_5642,k__Fungi,p__Basidiomycota,c__Tremellomycetes,o__Tremellales,f__Bulleribasidiaceae,g__Hannaella,s__sinensis
ASV_7208,k__Fungi,p__Basidiomycota,c__Tremellomycetes,o__Tremellales,f__Bulleribasidiaceae,g__Hannaella,s__sinensis
ASV_312,k__Fungi,p__Basidiomycota,c__Tremellomycetes,o__Tremellales,f__Bulleribasidiaceae,g__Hannaella,s__sinensis
ASV_362,k__Fungi,p__Basidiomycota,c__Tremellomycetes,o__Tremellales,f__Bulleribasidiaceae,g__Bulleribasidium,s__foliicola
ASV_458,k__Fungi,p__Basidiomycota,c__Tremellomycetes,o__Tremellales,f__Bulleribasidiaceae,g__Bulleribasidium,NA
ASV_1451,k__Fungi,p__Basidiomycota,c__Tremellomycetes,o__Tremellales,f__Bulleribasidiaceae,g__Bulleribasidium,NA
ASV_419,k__Fungi,p__Basidiomycota,c__Tremellomycetes,o__Tremellales,f__Bulleribasidiaceae,g__Bulleribasidium,NA
ASV_5,k__Fungi,p__Basidiomycota,c__Atractiellomycetes,o__Atractiellales,f__Hoehnelomycetaceae,g__Atractiella,s__solani
ASV_2552,k__Fungi,p__Basidiomycota,c__Atractiellomycetes,o__Atractiellales,f__Phleogenaceae,g__Atractidochium,s__hillariae
ASV_98,k__Fungi,p__Basidiomycota,c__Agaricostilbomycetes,o__Agaricostilbales,f__Ruineniaceae,g__Ruinenia,s__diospyri
ASV_806,k__Fungi,p__Basidiomycota,c__Agaricostilbomycetes,o__Agaricostilbales,f__Ruineniaceae,g__Ruinenia,s__diospyri
ASV_339,k__Fungi,p__Basidiomycota,c__Agaricostilbomycetes,o__Agaricostilbales,f__Ruineniaceae,g__Ruinenia,s__diospyri
ASV_2171,k__Fungi,p__Basidiomycota,c__Agaricostilbomycetes,o__Agaricostilbales,f__Ruineniaceae,g__Ruinenia,s__pyrrosiae
ASV_255,k__Fungi,p__Basidiomycota,c__Agaricostilbomycetes,o__Agaricostilbales,f__Ruineniaceae,g__Ruinenia,NA
ASV_877,k__Fungi,p__Basidiomycota,c__Agaricostilbomycetes,o__Agaricostilbales,f__Ruineniaceae,g__Ruinenia,NA
ASV_2338,k__Fungi,p__Basidiomycota,c__Agaricostilbomycetes,o__Agaricostilbales,f__Ruineniaceae,g__Ruinenia,NA
ASV_2659,k__Fungi,p__Basidiomycota,c__Agaricostilbomycetes,o__Agaricostilbales,NA,NA,NA
ASV_2516,k__Fungi,p__Basidiomycota,c__Agaricostilbomycetes,o__Agaricostilbales,NA,NA,NA
ASV_2608,k__Fungi,p__Basidiomycota,c__Agaricostilbomycetes,o__Agaricostilbales,f__Kondoaceae,g__Bensingtonia,NA
ASV_3383,k__Fungi,p__Kickxellomycota,c__Kickxellomycetes,o__Kickxellales,f__Kickxellaceae,g__Ramicandelaber,NA
ASV_1117,k__Fungi,p__Entorrhizomycota,c__Entorrhizomycetes,o__Entorrhizales,f__Entorrhizaceae,g__Entorrhiza,s__tenuis
ASV_1492,k__Fungi,p__Chytridiomycota,c__Rhizophydiomycetes,o__Rhizophydiales,f__Angulomycetaceae,g__Angulomyces,s__argentinensis
ASV_3559,k__Fungi,p__Chytridiomycota,c__Rhizophydiomycetes,o__Rhizophydiales,f__Rhizophydiales_fam_Incertae_sedis,g__Coralloidiomyces,s__digitatus
ASV_383,k__Fungi,p__Chytridiomycota,c__Rhizophydiomycetes,o__Rhizophydiales,f__Rhizophydiales_fam_Incertae_sedis,g__Operculomyces,s__laminatus
ASV_538,k__Fungi,p__Chytridiomycota,c__Rhizophydiomycetes,o__Rhizophydiales,f__Rhizophydiales_fam_Incertae_sedis,g__Operculomyces,s__laminatus
ASV_274,k__Fungi,p__Chytridiomycota,c__Rhizophydiomycetes,o__Rhizophydiales,f__Rhizophydiales_fam_Incertae_sedis,g__Operculomyces,s__laminatus
ASV_2919,k__Fungi,p__Chytridiomycota,c__Rhizophydiomycetes,o__Rhizophydiales,f__Rhizophydiales_fam_Incertae_sedis,g__Operculomyces,s__laminatus
ASV_267,k__Fungi,p__Chytridiomycota,c__Rhizophydiomycetes,o__Rhizophydiales,f__Rhizophydiales_fam_Incertae_sedis,g__Operculomyces,s__laminatus
ASV_394,k__Fungi,p__Chytridiomycota,c__Rhizophydiomycetes,o__Rhizophydiales,f__Rhizophydiales_fam_Incertae_sedis,g__Operculomyces,s__laminatus
ASV_1025,k__Fungi,p__Chytridiomycota,c__Rhizophydiomycetes,o__Rhizophydiales,NA,NA,NA
ASV_3940,k__Fungi,p__Chytridiomycota,c__Rhizophydiomycetes,o__Rhizophydiales,NA,NA,NA
ASV_507,k__Fungi,p__Chytridiomycota,c__Rhizophydiomycetes,o__Rhizophydiales,NA,NA,NA
ASV_5419,k__Fungi,p__Chytridiomycota,c__Rhizophydiomycetes,o__Rhizophydiales,NA,NA,NA
ASV_3004,k__Fungi,p__Chytridiomycota,c__Rhizophydiomycetes,o__Rhizophydiales,NA,NA,NA
ASV_4995,k__Fungi,p__Chytridiomycota,c__Rhizophydiomycetes,o__Rhizophydiales,NA,NA,NA
ASV_2897,k__Fungi,p__Chytridiomycota,c__Rhizophydiomycetes,o__Rhizophydiales,NA,NA,NA
ASV_2093,k__Fungi,p__Chytridiomycota,c__Rhizophydiomycetes,o__Rhizophydiales,NA,NA,NA
ASV_2604,k__Fungi,p__Chytridiomycota,c__Rhizophydiomycetes,o__Rhizophydiales,NA,NA,NA
ASV_1539,k__Fungi,p__Chytridiomycota,c__Rhizophydiomycetes,o__Rhizophydiales,f__Terramycetaceae,NA,NA
ASV_1488,k__Fungi,p__Chytridiomycota,c__Rhizophydiomycetes,o__Rhizophydiales,f__Terramycetaceae,g__Boothiomyces,s__macroporosum
ASV_2745,k__Fungi,p__Chytridiomycota,c__Rhizophydiomycetes,o__Rhizophydiales,f__Rhizophydiaceae,g__Rhizophydium,NA
ASV_4430,k__Fungi,p__Chytridiomycota,c__Rhizophydiomycetes,o__Rhizophydiales,f__Alphamycetaceae,g__Betamyces,NA
ASV_4388,k__Fungi,p__Chytridiomycota,c__Rhizophydiomycetes,o__Rhizophydiales,f__Alphamycetaceae,g__Betamyces,NA
ASV_3850,k__Fungi,p__Chytridiomycota,c__Rhizophydiomycetes,o__Rhizophydiales,f__Alphamycetaceae,g__Betamyces,NA
ASV_1547,k__Fungi,p__Chytridiomycota,c__Spizellomycetes,o__Spizellomycetales,f__Powellomycetaceae,NA,NA
ASV_523,k__Fungi,p__Chytridiomycota,c__Spizellomycetes,o__Spizellomycetales,f__Powellomycetaceae,NA,NA
ASV_2264,k__Fungi,p__Chytridiomycota,c__Spizellomycetes,o__Spizellomycetales,f__Powellomycetaceae,NA,NA
ASV_2452,k__Fungi,p__Chytridiomycota,c__Spizellomycetes,o__Spizellomycetales,f__Powellomycetaceae,NA,NA
ASV_2100,k__Fungi,p__Chytridiomycota,c__Spizellomycetes,o__Spizellomycetales,f__Powellomycetaceae,NA,NA
ASV_2233,k__Fungi,p__Chytridiomycota,c__Spizellomycetes,o__Spizellomycetales,f__Powellomycetaceae,NA,NA
ASV_5264,k__Fungi,p__Chytridiomycota,c__Spizellomycetes,o__Spizellomycetales,f__Powellomycetaceae,NA,NA
ASV_1165,k__Fungi,p__Chytridiomycota,c__Spizellomycetes,o__Spizellomycetales,f__Powellomycetaceae,g__Powellomyces,NA
ASV_2176,k__Fungi,p__Chytridiomycota,c__Spizellomycetes,o__Spizellomycetales,NA,NA,NA
ASV_3752,k__Fungi,p__Chytridiomycota,c__Spizellomycetes,o__Spizellomycetales,f__Spizellomycetaceae,NA,NA
ASV_3358,k__Fungi,p__Chytridiomycota,c__Spizellomycetes,o__Spizellomycetales,f__Spizellomycetaceae,g__Spizellomyces,s__dolichospermus
ASV_1504,k__Fungi,p__Chytridiomycota,c__Spizellomycetes,o__Spizellomycetales,f__Spizellomycetaceae,g__Spizellomyces,s__pseudodichotomus
ASV_681,k__Fungi,p__Chytridiomycota,c__Spizellomycetes,o__Spizellomycetales,f__Spizellomycetaceae,g__Spizellomyces,NA
ASV_1802,k__Fungi,p__Chytridiomycota,c__Spizellomycetes,o__Spizellomycetales,f__Spizellomycetaceae,g__Spizellomyces,s__punctatus
ASV_1134,k__Fungi,p__Chytridiomycota,c__Spizellomycetes,o__Spizellomycetales,f__Spizellomycetaceae,g__Spizellomyces,s__punctatus
ASV_3810,k__Fungi,p__Chytridiomycota,NA,NA,NA,NA,NA
ASV_1465,k__Fungi,p__Chytridiomycota,NA,NA,NA,NA,NA
ASV_203,k__Fungi,p__Chytridiomycota,NA,NA,NA,NA,NA
ASV_1787,k__Fungi,p__Chytridiomycota,NA,NA,NA,NA,NA
ASV_4240,k__Fungi,p__Chytridiomycota,NA,NA,NA,NA,NA
ASV_5166,k__Fungi,p__Chytridiomycota,NA,NA,NA,NA,NA
ASV_756,k__Fungi,p__Chytridiomycota,NA,NA,NA,NA,NA
ASV_3408,k__Fungi,p__Chytridiomycota,NA,NA,NA,NA,NA
ASV_2050,k__Fungi,p__Chytridiomycota,NA,NA,NA,NA,NA
ASV_929,k__Fungi,p__Chytridiomycota,NA,NA,NA,NA,NA
ASV_784,k__Fungi,p__Chytridiomycota,NA,NA,NA,NA,NA
ASV_163,k__Fungi,p__Chytridiomycota,NA,NA,NA,NA,NA
ASV_335,k__Fungi,p__Chytridiomycota,NA,NA,NA,NA,NA
ASV_7332,k__Fungi,p__Chytridiomycota,NA,NA,NA,NA,NA
ASV_4694,k__Fungi,p__Chytridiomycota,c__Lobulomycetes,o__Lobulomycetales,f__Lobulomycetaceae,g__Lobulomyces,s__poculatus
ASV_303,k__Fungi,p__Chytridiomycota,c__Chytridiomycetes,o__Rhizophydiales,f__Rhizophydiaceae,g__Rhizophydium,s__littoreum
ASV_431,k__Fungi,p__Chytridiomycota,c__Chytridiomycetes,o__Rhizophydiales,f__Rhizophydiaceae,g__Rhizophydium,s__brooksianum
ASV_193,k__Fungi,p__Chytridiomycota,c__Chytridiomycetes,o__Rhizophydiales,f__Rhizophydiaceae,g__Rhizophydium,s__brooksianum
ASV_5257,k__Fungi,p__Chytridiomycota,c__Chytridiomycetes,o__Chytridiales,f__Chytridiaceae,NA,NA
ASV_2363,k__Fungi,p__Chytridiomycota,c__Chytridiomycetes,NA,NA,NA,NA
ASV_1308,k__Fungi,p__Chytridiomycota,c__Chytridiomycetes,NA,NA,NA,NA
ASV_1068,k__Fungi,p__Chytridiomycota,c__Chytridiomycetes,o__Spizellomycetales,f__Spizellomycetaceae,g__Spizellomyces,s__dolichospermus
ASV_629,k__Fungi,p__Chytridiomycota,c__Chytridiomycetes,o__Spizellomycetales,f__Spizellomycetaceae,g__Spizellomyces,s__dolichospermus
ASV_296,k__Fungi,p__Chytridiomycota,c__Chytridiomycetes,o__Spizellomycetales,f__Spizellomycetaceae,g__Spizellomyces,s__dolichospermus
ASV_1267,k__Fungi,p__Chytridiomycota,c__Chytridiomycetes,o__Spizellomycetales,f__Spizellomycetaceae,g__Spizellomyces,s__pseudodichotomus
ASV_1537,k__Fungi,p__Chytridiomycota,c__Chytridiomycetes,o__Spizellomycetales,f__Spizellomycetaceae,NA,NA
ASV_2539,k__Fungi,p__Chytridiomycota,c__Chytridiomycetes,o__Spizellomycetales,f__Spizellomycetaceae,NA,NA
ASV_2775,k__Fungi,p__Chytridiomycota,c__Chytridiomycetes,o__Spizellomycetales,f__Spizellomycetaceae,NA,NA
ASV_3308,k__Fungi,p__Chytridiomycota,c__Chytridiomycetes,o__Spizellomycetales,f__Spizellomycetaceae,NA,NA
ASV_2472,k__Fungi,p__Blastocladiomycota,NA,NA,NA,NA,NA
ASV_2089,k__Fungi,p__Blastocladiomycota,NA,NA,NA,NA,NA
ASV_4060,k__Fungi,p__Rozellomycota,NA,NA,NA,NA,NA
ASV_5277,k__Fungi,p__Rozellomycota,NA,NA,NA,NA,NA
ASV_686,k__Fungi,p__Chytridiomycota,NA,NA,NA,NA,NA
ASV_2273,k__Fungi,p__Ascomycota,NA,NA,NA,NA,NA
ASV_2030,k__Fungi,p__Zoopagomycota,NA,NA,NA,NA,NA
ASV_1640,k__Fungi,p__Chytridiomycota,NA,NA,NA,NA,NA
ASV_3099,k__Fungi,p__Ascomycota,NA,NA,NA,NA,NA
ASV_1596,k__Fungi,p__Rozellomycota,NA,NA,NA,NA,NA
ASV_1536,k__Fungi,p__Chytridiomycota,NA,NA,NA,NA,NA
ASV_4425,k__Fungi,p__Ascomycota,NA,NA,NA,NA,NA
ASV_2128,k__Fungi,p__Basidiomycota,NA,NA,NA,NA,NA
ASV_4536,k__Fungi,p__Rozellomycota,NA,NA,NA,NA,NA
ASV_2973,k__Fungi,p__Rozellomycota,NA,NA,NA,NA,NA
ASV_3323,k__Fungi,p__Ascomycota,NA,NA,NA,NA,NA
ASV_336,k__Fungi,p__Chytridiomycota,NA,NA,NA,NA,NA
ASV_699,k__Fungi,p__Chytridiomycota,NA,NA,NA,NA,NA
ASV_6526,k__Fungi,p__Basidiobolomycota,NA,NA,NA,NA,NA
ASV_1898,k__Fungi,p__Chytridiomycota,NA,NA,NA,NA,NA
ASV_2573,k__Fungi,p__Chytridiomycota,NA,NA,NA,NA,NA
ASV_3971,k__Fungi,p__Rozellomycota,NA,NA,NA,NA,NA
ASV_4397,k__Fungi,p__Rozellomycota,NA,NA,NA,NA,NA
ASV_5935,k__Fungi,p__Chytridiomycota,NA,NA,NA,NA,NA
ASV_4145,k__Fungi,p__Chytridiomycota,NA,NA,NA,NA,NA
ASV_3265,k__Fungi,p__Mucoromycota,c__Mucoromycetes,o__Mucorales,f__Mucoraceae,g__Mucor,s__minutus
ASV_521,k__Fungi,p__Mucoromycota,c__Mucoromycetes,o__Mucorales,f__Mucoraceae,g__Mucor,s__moelleri
ASV_2213,k__Fungi,p__Mucoromycota,c__Mucoromycetes,o__Mucorales,f__Mucoraceae,g__Zygorhynchus,NA
ASV_2959,k__Fungi,p__Mucoromycota,c__Mucoromycetes,o__Mucorales,f__Cunninghamellaceae,g__Gongronella,NA
ASV_4350,k__Fungi,p__Mucoromycota,c__Mucoromycetes,o__Mucorales,f__Cunninghamellaceae,g__Cunninghamella,s__elegans
ASV_4007,k__Fungi,p__Mucoromycota,c__Mucoromycetes,o__Mucorales,f__Choanephoraceae,g__Blakeslea,s__trispora
ASV_807,k__Fungi,p__Mucoromycota,c__Umbelopsidomycetes,o__Umbelopsidales,f__Umbelopsidaceae,g__Umbelopsis,NA
ASV_1176,k__Fungi,p__Mucoromycota,c__Umbelopsidomycetes,o__Umbelopsidales,f__Umbelopsidaceae,g__Umbelopsis,NA
ASV_4392,k__Fungi,p__Mucoromycota,c__Umbelopsidomycetes,o__Umbelopsidales,f__Umbelopsidaceae,g__Umbelopsis,s__vinacea
ASV_6500,k__Fungi,p__Glomeromycota,c__Glomeromycetes,o__Gigasporales,f__Gigasporaceae,g__Gigaspora,NA
ASV_4320,k__Fungi,p__Glomeromycota,c__Glomeromycetes,o__Gigasporales,f__Gigasporaceae,g__Gigaspora,NA
ASV_2252,k__Fungi,p__Glomeromycota,c__Glomeromycetes,o__Gigasporales,f__Gigasporaceae,g__Scutellospora,s__heterogama
ASV_2206,k__Fungi,p__Glomeromycota,c__Glomeromycetes,o__Gigasporales,f__Gigasporaceae,NA,NA
ASV_2212,k__Fungi,p__Glomeromycota,c__Glomeromycetes,o__Gigasporales,f__Gigasporaceae,g__Cetraspora,NA
ASV_2017,k__Fungi,p__Glomeromycota,c__Glomeromycetes,o__Gigasporales,f__Gigasporaceae,g__Cetraspora,NA
ASV_814,k__Fungi,p__Glomeromycota,c__Glomeromycetes,o__Diversisporales,f__Acaulosporaceae,NA,NA
ASV_1834,k__Fungi,p__Glomeromycota,c__Glomeromycetes,o__Diversisporales,f__Diversisporaceae,g__Corymbiglomus,s__corymbiforme
ASV_3326,k__Fungi,p__Glomeromycota,c__Glomeromycetes,o__Diversisporales,f__Diversisporaceae,g__Corymbiglomus,s__corymbiforme
ASV_1297,k__Fungi,p__Glomeromycota,c__Glomeromycetes,o__Diversisporales,f__Diversisporaceae,NA,NA
ASV_1071,k__Fungi,p__Glomeromycota,c__Glomeromycetes,o__Diversisporales,f__Diversisporaceae,NA,NA
ASV_2436,k__Fungi,p__Glomeromycota,c__Glomeromycetes,o__Diversisporales,f__Diversisporaceae,NA,NA
ASV_502,k__Fungi,p__Glomeromycota,c__Glomeromycetes,o__Diversisporales,f__Diversisporaceae,NA,NA
ASV_1198,k__Fungi,p__Glomeromycota,c__Glomeromycetes,o__Diversisporales,NA,NA,NA
ASV_1880,k__Fungi,p__Glomeromycota,c__Glomeromycetes,o__Diversisporales,NA,NA,NA
ASV_608,k__Fungi,p__Glomeromycota,c__Glomeromycetes,o__Diversisporales,NA,NA,NA
ASV_1808,k__Fungi,p__Glomeromycota,c__Glomeromycetes,o__Diversisporales,NA,NA,NA
ASV_451,k__Fungi,p__Glomeromycota,c__Glomeromycetes,o__Diversisporales,NA,NA,NA
ASV_2486,k__Fungi,p__Glomeromycota,c__Glomeromycetes,o__Diversisporales,NA,NA,NA
ASV_628,k__Fungi,p__Glomeromycota,c__Glomeromycetes,o__Diversisporales,NA,NA,NA
ASV_926,k__Fungi,p__Glomeromycota,c__Glomeromycetes,o__Diversisporales,NA,NA,NA
ASV_1828,k__Fungi,p__Glomeromycota,c__Glomeromycetes,o__Diversisporales,NA,NA,NA
ASV_995,k__Fungi,p__Glomeromycota,c__Glomeromycetes,o__Diversisporales,NA,NA,NA
ASV_812,k__Fungi,p__Glomeromycota,c__Glomeromycetes,o__Diversisporales,NA,NA,NA
ASV_1368,k__Fungi,p__Glomeromycota,c__Glomeromycetes,o__Diversisporales,NA,NA,NA
ASV_822,k__Fungi,p__Glomeromycota,c__Glomeromycetes,o__Diversisporales,NA,NA,NA
ASV_1717,k__Fungi,p__Glomeromycota,c__Glomeromycetes,o__Diversisporales,NA,NA,NA
ASV_1917,k__Fungi,p__Glomeromycota,c__Glomeromycetes,o__Diversisporales,NA,NA,NA
ASV_2550,k__Fungi,p__Glomeromycota,c__Glomeromycetes,o__Diversisporales,NA,NA,NA
ASV_567,k__Fungi,p__Glomeromycota,c__Glomeromycetes,o__Glomerales,f__Glomeraceae,g__Kamienskia,NA
ASV_527,k__Fungi,p__Glomeromycota,c__Glomeromycetes,o__Glomerales,f__Glomeraceae,g__Kamienskia,NA
ASV_134,k__Fungi,p__Glomeromycota,c__Glomeromycetes,o__Glomerales,f__Glomeraceae,g__Kamienskia,s__divaricata
ASV_561,k__Fungi,p__Glomeromycota,c__Glomeromycetes,o__Glomerales,f__Glomeraceae,NA,NA
ASV_363,k__Fungi,p__Glomeromycota,c__Glomeromycetes,o__Glomerales,f__Glomeraceae,NA,NA
ASV_1038,k__Fungi,p__Glomeromycota,c__Glomeromycetes,o__Glomerales,f__Glomeraceae,NA,NA
ASV_755,k__Fungi,p__Glomeromycota,c__Glomeromycetes,o__Glomerales,f__Glomeraceae,NA,NA
ASV_942,k__Fungi,p__Glomeromycota,c__Glomeromycetes,o__Glomerales,f__Glomeraceae,NA,NA
ASV_391,k__Fungi,p__Glomeromycota,c__Glomeromycetes,o__Glomerales,f__Glomeraceae,NA,NA
ASV_1391,k__Fungi,p__Glomeromycota,c__Glomeromycetes,o__Glomerales,f__Glomeraceae,NA,NA
ASV_468,k__Fungi,p__Glomeromycota,c__Glomeromycetes,o__Glomerales,f__Glomeraceae,NA,NA
ASV_592,k__Fungi,p__Glomeromycota,c__Glomeromycetes,o__Glomerales,f__Glomeraceae,NA,NA
ASV_999,k__Fungi,p__Glomeromycota,c__Glomeromycetes,o__Glomerales,f__Glomeraceae,NA,NA
ASV_750,k__Fungi,p__Glomeromycota,c__Glomeromycetes,o__Glomerales,f__Glomeraceae,NA,NA
ASV_2137,k__Fungi,p__Glomeromycota,c__Glomeromycetes,o__Glomerales,f__Glomeraceae,NA,NA
ASV_1862,k__Fungi,p__Glomeromycota,c__Glomeromycetes,o__Glomerales,f__Glomeraceae,NA,NA
ASV_1428,k__Fungi,p__Glomeromycota,c__Glomeromycetes,o__Glomerales,f__Glomeraceae,NA,NA
ASV_658,k__Fungi,p__Glomeromycota,c__Glomeromycetes,o__Glomerales,f__Glomeraceae,NA,NA
ASV_610,k__Fungi,p__Glomeromycota,c__Glomeromycetes,o__Glomerales,f__Glomeraceae,NA,NA
ASV_1052,k__Fungi,p__Glomeromycota,c__Glomeromycetes,o__Glomerales,f__Glomeraceae,NA,NA
ASV_711,k__Fungi,p__Glomeromycota,c__Glomeromycetes,o__Glomerales,f__Glomeraceae,NA,NA
ASV_834,k__Fungi,p__Glomeromycota,c__Glomeromycetes,o__Glomerales,f__Glomeraceae,NA,NA
ASV_1510,k__Fungi,p__Glomeromycota,c__Glomeromycetes,o__Glomerales,f__Glomeraceae,NA,NA
ASV_1932,k__Fungi,p__Glomeromycota,c__Glomeromycetes,o__Glomerales,f__Glomeraceae,NA,NA
ASV_1157,k__Fungi,p__Glomeromycota,c__Glomeromycetes,o__Glomerales,f__Glomeraceae,NA,NA
ASV_714,k__Fungi,p__Glomeromycota,c__Glomeromycetes,o__Glomerales,f__Glomeraceae,NA,NA
ASV_314,k__Fungi,p__Glomeromycota,c__Glomeromycetes,o__Glomerales,f__Glomeraceae,NA,NA
ASV_1004,k__Fungi,p__Glomeromycota,c__Glomeromycetes,o__Glomerales,f__Glomeraceae,NA,NA
ASV_1273,k__Fungi,p__Glomeromycota,c__Glomeromycetes,o__Glomerales,f__Glomeraceae,NA,NA
ASV_2413,k__Fungi,p__Glomeromycota,c__Glomeromycetes,o__Glomerales,f__Glomeraceae,NA,NA
ASV_2394,k__Fungi,p__Glomeromycota,c__Glomeromycetes,o__Glomerales,f__Glomeraceae,NA,NA
ASV_3577,k__Fungi,p__Glomeromycota,c__Glomeromycetes,o__Glomerales,f__Glomeraceae,NA,NA
ASV_683,k__Fungi,p__Glomeromycota,c__Glomeromycetes,o__Glomerales,f__Glomeraceae,NA,NA
ASV_2077,k__Fungi,p__Glomeromycota,c__Glomeromycetes,o__Glomerales,f__Glomeraceae,NA,NA
ASV_1454,k__Fungi,p__Glomeromycota,c__Glomeromycetes,o__Glomerales,f__Glomeraceae,NA,NA
ASV_1396,k__Fungi,p__Glomeromycota,c__Glomeromycetes,o__Glomerales,f__Glomeraceae,NA,NA
ASV_324,k__Fungi,p__Glomeromycota,c__Glomeromycetes,o__Glomerales,f__Glomeraceae,NA,NA
ASV_882,k__Fungi,p__Glomeromycota,c__Glomeromycetes,o__Glomerales,f__Glomeraceae,NA,NA
ASV_2183,k__Fungi,p__Glomeromycota,c__Glomeromycetes,o__Glomerales,f__Glomeraceae,NA,NA
ASV_2563,k__Fungi,p__Glomeromycota,c__Glomeromycetes,o__Glomerales,f__Glomeraceae,NA,NA
ASV_943,k__Fungi,p__Glomeromycota,c__Glomeromycetes,o__Glomerales,f__Glomeraceae,NA,NA
ASV_713,k__Fungi,p__Glomeromycota,c__Glomeromycetes,o__Glomerales,f__Glomeraceae,NA,NA
ASV_1282,k__Fungi,p__Glomeromycota,c__Glomeromycetes,o__Glomerales,f__Glomeraceae,NA,NA
ASV_1233,k__Fungi,p__Glomeromycota,c__Glomeromycetes,o__Glomerales,f__Glomeraceae,NA,NA
ASV_790,k__Fungi,p__Glomeromycota,c__Glomeromycetes,o__Glomerales,f__Glomeraceae,NA,NA
ASV_1072,k__Fungi,p__Glomeromycota,c__Glomeromycetes,o__Glomerales,f__Glomeraceae,NA,NA
ASV_448,k__Fungi,p__Glomeromycota,c__Glomeromycetes,o__Glomerales,f__Glomeraceae,NA,NA
ASV_297,k__Fungi,p__Glomeromycota,c__Glomeromycetes,o__Glomerales,f__Glomeraceae,NA,NA
ASV_250,k__Fungi,p__Glomeromycota,c__Glomeromycetes,o__Glomerales,f__Glomeraceae,NA,NA
ASV_956,k__Fungi,p__Glomeromycota,c__Glomeromycetes,o__Glomerales,f__Glomeraceae,NA,NA
ASV_2385,k__Fungi,p__Glomeromycota,c__Glomeromycetes,o__Glomerales,f__Glomeraceae,NA,NA
ASV_1115,k__Fungi,p__Glomeromycota,c__Glomeromycetes,o__Glomerales,f__Glomeraceae,NA,NA
ASV_1424,k__Fungi,p__Glomeromycota,c__Glomeromycetes,o__Glomerales,f__Glomeraceae,NA,NA
ASV_1846,k__Fungi,p__Glomeromycota,c__Glomeromycetes,o__Glomerales,f__Glomeraceae,NA,NA
ASV_1645,k__Fungi,p__Glomeromycota,c__Glomeromycetes,o__Glomerales,f__Glomeraceae,NA,NA
ASV_692,k__Fungi,p__Glomeromycota,c__Glomeromycetes,o__Glomerales,f__Glomeraceae,NA,NA
ASV_209,k__Fungi,p__Glomeromycota,c__Glomeromycetes,o__Glomerales,f__Glomeraceae,NA,NA
ASV_893,k__Fungi,p__Glomeromycota,c__Glomeromycetes,o__Glomerales,f__Glomeraceae,NA,NA
ASV_1008,k__Fungi,p__Glomeromycota,c__Glomeromycetes,o__Glomerales,f__Glomeraceae,NA,NA
ASV_2649,k__Fungi,p__Glomeromycota,c__Glomeromycetes,o__Glomerales,f__Glomeraceae,NA,NA
ASV_957,k__Fungi,p__Glomeromycota,c__Glomeromycetes,o__Glomerales,f__Glomeraceae,NA,NA
ASV_811,k__Fungi,p__Glomeromycota,c__Glomeromycetes,o__Glomerales,f__Glomeraceae,NA,NA
ASV_883,k__Fungi,p__Glomeromycota,c__Glomeromycetes,o__Glomerales,f__Glomeraceae,NA,NA
ASV_258,k__Fungi,p__Glomeromycota,c__Glomeromycetes,o__Glomerales,f__Glomeraceae,NA,NA
ASV_1323,k__Fungi,p__Glomeromycota,c__Glomeromycetes,o__Glomerales,f__Glomeraceae,NA,NA
ASV_930,k__Fungi,p__Glomeromycota,c__Glomeromycetes,o__Glomerales,f__Glomeraceae,NA,NA
ASV_574,k__Fungi,p__Glomeromycota,c__Glomeromycetes,o__Glomerales,f__Glomeraceae,NA,NA
ASV_1550,k__Fungi,p__Glomeromycota,c__Glomeromycetes,o__Glomerales,f__Glomeraceae,NA,NA
ASV_601,k__Fungi,p__Glomeromycota,c__Glomeromycetes,o__Glomerales,f__Glomeraceae,NA,NA
ASV_985,k__Fungi,p__Glomeromycota,c__Glomeromycetes,o__Glomerales,f__Glomeraceae,NA,NA
ASV_924,k__Fungi,p__Glomeromycota,c__Glomeromycetes,o__Glomerales,f__Glomeraceae,NA,NA
ASV_3357,k__Fungi,p__Glomeromycota,c__Glomeromycetes,o__Glomerales,f__Glomeraceae,NA,NA
ASV_654,k__Fungi,p__Glomeromycota,c__Glomeromycetes,o__Glomerales,f__Glomeraceae,NA,NA
ASV_457,k__Fungi,p__Glomeromycota,c__Glomeromycetes,o__Glomerales,f__Glomeraceae,NA,NA
ASV_701,k__Fungi,p__Glomeromycota,c__Glomeromycetes,o__Glomerales,f__Glomeraceae,NA,NA
ASV_1030,k__Fungi,p__Glomeromycota,c__Glomeromycetes,o__Glomerales,f__Glomeraceae,NA,NA
ASV_1666,k__Fungi,p__Glomeromycota,c__Glomeromycetes,o__Glomerales,f__Glomeraceae,NA,NA
ASV_1460,k__Fungi,p__Glomeromycota,c__Glomeromycetes,o__Glomerales,f__Glomeraceae,NA,NA
ASV_568,k__Fungi,p__Glomeromycota,c__Glomeromycetes,o__Glomerales,f__Glomeraceae,NA,NA
ASV_778,k__Fungi,p__Glomeromycota,c__Glomeromycetes,o__Glomerales,f__Glomeraceae,NA,NA
ASV_1002,k__Fungi,p__Glomeromycota,c__Glomeromycetes,o__Glomerales,f__Glomeraceae,NA,NA
ASV_2346,k__Fungi,p__Glomeromycota,c__Glomeromycetes,o__Glomerales,f__Glomeraceae,g__Dominikia,NA
ASV_598,k__Fungi,p__Glomeromycota,c__Glomeromycetes,o__Glomerales,f__Glomeraceae,g__Rhizophagus,NA
ASV_430,k__Fungi,p__Glomeromycota,c__Glomeromycetes,o__Glomerales,f__Glomeraceae,g__Rhizophagus,NA
ASV_739,k__Fungi,p__Glomeromycota,c__Glomeromycetes,o__Glomerales,f__Glomeraceae,g__Rhizophagus,NA
ASV_636,k__Fungi,p__Glomeromycota,c__Glomeromycetes,o__Glomerales,f__Glomeraceae,g__Rhizophagus,NA
ASV_1200,k__Fungi,p__Glomeromycota,c__Glomeromycetes,o__Glomerales,f__Glomeraceae,g__Rhizophagus,NA
ASV_785,k__Fungi,p__Glomeromycota,c__Glomeromycetes,o__Glomerales,f__Glomeraceae,g__Rhizophagus,NA
ASV_379,k__Fungi,p__Glomeromycota,c__Glomeromycetes,o__Glomerales,f__Glomeraceae,g__Rhizophagus,NA
ASV_1605,k__Fungi,p__Glomeromycota,c__Glomeromycetes,o__Glomerales,f__Glomeraceae,g__Rhizophagus,NA
ASV_843,k__Fungi,p__Glomeromycota,c__Glomeromycetes,o__Glomerales,f__Glomeraceae,g__Rhizophagus,NA
ASV_620,k__Fungi,p__Glomeromycota,c__Glomeromycetes,o__Glomerales,f__Glomeraceae,g__Rhizophagus,NA
ASV_949,k__Fungi,p__Glomeromycota,c__Glomeromycetes,o__Glomerales,f__Glomeraceae,g__Rhizophagus,NA
ASV_1001,k__Fungi,p__Glomeromycota,c__Glomeromycetes,o__Glomerales,f__Glomeraceae,g__Rhizophagus,NA
ASV_679,k__Fungi,p__Glomeromycota,c__Glomeromycetes,o__Glomerales,f__Glomeraceae,g__Rhizophagus,NA
ASV_631,k__Fungi,p__Glomeromycota,c__Glomeromycetes,o__Glomerales,f__Glomeraceae,g__Rhizophagus,NA
ASV_553,k__Fungi,p__Glomeromycota,c__Glomeromycetes,o__Glomerales,f__Glomeraceae,g__Rhizophagus,s__intraradices
ASV_213,k__Fungi,p__Glomeromycota,c__Glomeromycetes,o__Glomerales,f__Glomeraceae,g__Rhizophagus,s__intraradices
ASV_1138,k__Fungi,p__Glomeromycota,c__Glomeromycetes,o__Glomerales,f__Glomeraceae,g__Rhizophagus,s__intraradices
ASV_395,k__Fungi,p__Glomeromycota,c__Glomeromycetes,o__Glomerales,f__Glomeraceae,g__Rhizophagus,s__intraradices
ASV_319,k__Fungi,p__Glomeromycota,c__Glomeromycetes,o__Glomerales,f__Glomeraceae,g__Rhizophagus,s__irregularis
ASV_781,k__Fungi,p__Glomeromycota,c__Glomeromycetes,o__Glomerales,f__Glomeraceae,g__Rhizophagus,s__irregularis
ASV_438,k__Fungi,p__Glomeromycota,c__Glomeromycetes,o__Glomerales,f__Glomeraceae,g__Rhizophagus,s__irregularis
ASV_1106,k__Fungi,p__Glomeromycota,c__Glomeromycetes,o__Glomerales,f__Glomeraceae,g__Rhizophagus,s__irregularis
ASV_1253,k__Fungi,p__Glomeromycota,c__Glomeromycetes,o__Glomerales,f__Glomeraceae,g__Rhizophagus,s__irregularis
ASV_3411,k__Fungi,p__Glomeromycota,c__Glomeromycetes,o__Glomerales,f__Glomeraceae,g__Glomus,s__macrocarpum
ASV_1991,k__Fungi,p__Glomeromycota,c__Glomeromycetes,o__Glomerales,f__Glomeraceae,g__Glomus,s__macrocarpum
ASV_1805,k__Fungi,p__Glomeromycota,c__Glomeromycetes,o__Glomerales,f__Glomeraceae,g__Glomus,s__macrocarpum
ASV_2971,k__Fungi,p__Glomeromycota,c__Glomeromycetes,o__Glomerales,f__Glomeraceae,g__Glomus,s__macrocarpum
ASV_854,k__Fungi,p__Glomeromycota,c__Glomeromycetes,o__Glomerales,f__Glomeraceae,g__Glomus,s__macrocarpum
ASV_1937,k__Fungi,p__Glomeromycota,c__Glomeromycetes,o__Glomerales,f__Glomeraceae,g__Glomus,NA
ASV_848,k__Fungi,p__Glomeromycota,c__Glomeromycetes,o__Glomerales,f__Glomeraceae,g__Glomus,NA
ASV_1371,k__Fungi,p__Glomeromycota,c__Glomeromycetes,o__Glomerales,f__Glomeraceae,g__Glomus,NA
ASV_1379,k__Fungi,p__Glomeromycota,c__Glomeromycetes,o__Glomerales,f__Glomeraceae,g__Glomus,NA
ASV_1305,k__Fungi,p__Glomeromycota,c__Glomeromycetes,o__Glomerales,f__Glomeraceae,g__Glomus,NA
ASV_528,k__Fungi,p__Glomeromycota,c__Glomeromycetes,o__Glomerales,f__Glomeraceae,g__Glomus,NA
ASV_1355,k__Fungi,p__Glomeromycota,c__Glomeromycetes,o__Glomerales,f__Glomeraceae,g__Glomus,NA
ASV_1511,k__Fungi,p__Glomeromycota,c__Glomeromycetes,o__Glomerales,f__Glomeraceae,g__Glomus,NA
ASV_254,k__Fungi,p__Glomeromycota,c__Glomeromycetes,o__Glomerales,f__Glomeraceae,g__Glomus,NA
ASV_625,k__Fungi,p__Glomeromycota,c__Glomeromycetes,o__Glomerales,f__Glomeraceae,g__Glomus,NA
ASV_734,k__Fungi,p__Glomeromycota,c__Glomeromycetes,o__Glomerales,f__Glomeraceae,g__Glomus,NA
ASV_2019,k__Fungi,p__Glomeromycota,c__Glomeromycetes,o__Glomerales,f__Glomeraceae,g__Glomus,NA
ASV_3474,k__Fungi,p__Glomeromycota,c__Glomeromycetes,o__Glomerales,f__Glomeraceae,g__Glomus,NA
ASV_2815,k__Fungi,p__Glomeromycota,c__Glomeromycetes,o__Glomerales,f__Glomeraceae,g__Glomus,NA
ASV_1494,k__Fungi,p__Glomeromycota,c__Glomeromycetes,o__Glomerales,f__Glomeraceae,g__Glomus,NA
ASV_1861,k__Fungi,p__Glomeromycota,c__Glomeromycetes,o__Glomerales,f__Glomeraceae,g__Glomus,NA
ASV_741,k__Fungi,p__Glomeromycota,c__Glomeromycetes,o__Glomerales,f__Glomeraceae,g__Glomus,NA
ASV_1207,k__Fungi,p__Glomeromycota,c__Glomeromycetes,o__Glomerales,f__Glomeraceae,g__Glomus,NA
ASV_1505,k__Fungi,p__Glomeromycota,c__Glomeromycetes,o__Glomerales,f__Glomeraceae,g__Glomus,NA
ASV_730,k__Fungi,p__Glomeromycota,c__Glomeromycetes,o__Glomerales,f__Glomeraceae,g__Glomus,NA
ASV_1109,k__Fungi,p__Glomeromycota,c__Glomeromycetes,o__Glomerales,f__Glomeraceae,g__Glomus,s__indicum
ASV_2944,k__Fungi,p__Glomeromycota,c__Glomeromycetes,o__Glomerales,f__Glomeraceae,g__Glomus,s__indicum
ASV_1080,k__Fungi,p__Glomeromycota,c__Glomeromycetes,o__Glomerales,f__Glomeraceae,g__Glomus,s__indicum
ASV_1524,k__Fungi,p__Glomeromycota,c__Glomeromycetes,o__Glomerales,f__Glomeraceae,g__Glomus,s__indicum
ASV_1516,k__Fungi,p__Glomeromycota,c__Glomeromycetes,o__Glomerales,f__Glomeraceae,g__Glomus,s__indicum
ASV_1149,k__Fungi,p__Glomeromycota,c__Glomeromycetes,o__Glomerales,f__Glomeraceae,g__Glomus,s__indicum
ASV_421,k__Fungi,p__Glomeromycota,c__Glomeromycetes,o__Glomerales,f__Glomeraceae,g__Glomus,s__indicum
ASV_452,k__Fungi,p__Glomeromycota,c__Glomeromycetes,o__Glomerales,f__Glomeraceae,g__Glomus,s__indicum
ASV_1799,k__Fungi,p__Glomeromycota,c__Glomeromycetes,o__Glomerales,f__Glomeraceae,g__Glomus,s__indicum
ASV_2507,k__Fungi,p__Glomeromycota,c__Glomeromycetes,o__Glomerales,f__Glomeraceae,g__Glomus,s__indicum
ASV_1156,k__Fungi,p__Glomeromycota,c__Glomeromycetes,o__Glomerales,f__Glomeraceae,g__Glomus,s__indicum
ASV_2922,k__Fungi,p__Glomeromycota,c__Glomeromycetes,o__Glomerales,f__Glomeraceae,g__Septoglomus,s__viscosum
ASV_1662,k__Fungi,p__Glomeromycota,c__Glomeromycetes,o__Glomerales,f__Glomeraceae,g__Septoglomus,s__viscosum
ASV_2192,k__Fungi,p__Glomeromycota,c__Glomeromycetes,o__Glomerales,f__Glomeraceae,g__Septoglomus,s__constrictum
ASV_960,k__Fungi,p__Glomeromycota,c__Glomeromycetes,o__Glomerales,f__Glomeraceae,g__Septoglomus,NA
ASV_2401,k__Fungi,p__Glomeromycota,c__Glomeromycetes,o__Glomerales,f__Claroideoglomeraceae,g__Claroideoglomus,NA
ASV_2104,k__Fungi,p__Glomeromycota,c__Glomeromycetes,o__Glomerales,f__Claroideoglomeraceae,g__Claroideoglomus,NA
ASV_2322,k__Fungi,p__Glomeromycota,c__Glomeromycetes,o__Glomerales,f__Claroideoglomeraceae,g__Claroideoglomus,NA
ASV_1651,k__Fungi,p__Glomeromycota,c__Glomeromycetes,o__Glomerales,f__Claroideoglomeraceae,g__Claroideoglomus,NA
ASV_1159,k__Fungi,p__Glomeromycota,c__Glomeromycetes,o__Glomerales,f__Claroideoglomeraceae,g__Claroideoglomus,NA
ASV_775,k__Fungi,p__Glomeromycota,c__Glomeromycetes,o__Glomerales,NA,NA,NA
ASV_2930,k__Fungi,p__Glomeromycota,c__Glomeromycetes,NA,NA,NA,NA
ASV_554,k__Fungi,p__Glomeromycota,NA,NA,NA,NA,NA
ASV_1264,k__Fungi,p__Glomeromycota,NA,NA,NA,NA,NA
ASV_798,k__Fungi,p__Glomeromycota,NA,NA,NA,NA,NA
ASV_918,k__Fungi,p__Glomeromycota,NA,NA,NA,NA,NA
ASV_933,k__Fungi,p__Glomeromycota,NA,NA,NA,NA,NA
ASV_1397,k__Fungi,p__Glomeromycota,NA,NA,NA,NA,NA
ASV_662,k__Fungi,p__Glomeromycota,NA,NA,NA,NA,NA
ASV_2536,k__Fungi,p__Glomeromycota,NA,NA,NA,NA,NA
ASV_1663,k__Fungi,p__Glomeromycota,NA,NA,NA,NA,NA
ASV_1077,k__Fungi,p__Glomeromycota,NA,NA,NA,NA,NA
ASV_1412,k__Fungi,p__Glomeromycota,NA,NA,NA,NA,NA
ASV_2187,k__Fungi,p__Glomeromycota,NA,NA,NA,NA,NA
ASV_664,k__Fungi,p__Glomeromycota,NA,NA,NA,NA,NA
ASV_1242,k__Fungi,p__Glomeromycota,NA,NA,NA,NA,NA
ASV_1920,k__Fungi,p__Glomeromycota,NA,NA,NA,NA,NA
ASV_1189,k__Fungi,p__Glomeromycota,NA,NA,NA,NA,NA
ASV_964,k__Fungi,p__Glomeromycota,NA,NA,NA,NA,NA
ASV_414,k__Fungi,p__Glomeromycota,NA,NA,NA,NA,NA
ASV_637,k__Fungi,p__Glomeromycota,NA,NA,NA,NA,NA
ASV_2478,k__Fungi,p__Glomeromycota,NA,NA,NA,NA,NA
ASV_665,k__Fungi,p__Glomeromycota,NA,NA,NA,NA,NA
ASV_2547,k__Fungi,p__Glomeromycota,NA,NA,NA,NA,NA
ASV_1058,k__Fungi,p__Glomeromycota,NA,NA,NA,NA,NA
ASV_1700,k__Fungi,p__Glomeromycota,NA,NA,NA,NA,NA
ASV_638,k__Fungi,p__Glomeromycota,NA,NA,NA,NA,NA
ASV_703,k__Fungi,p__Glomeromycota,NA,NA,NA,NA,NA
ASV_241,k__Fungi,p__Glomeromycota,NA,NA,NA,NA,NA
ASV_3464,k__Fungi,p__Glomeromycota,NA,NA,NA,NA,NA
ASV_1104,k__Fungi,p__Glomeromycota,NA,NA,NA,NA,NA
ASV_1221,k__Fungi,p__Glomeromycota,NA,NA,NA,NA,NA
ASV_2111,k__Fungi,p__Glomeromycota,NA,NA,NA,NA,NA
ASV_886,k__Fungi,p__Glomeromycota,NA,NA,NA,NA,NA
ASV_1066,k__Fungi,p__Glomeromycota,NA,NA,NA,NA,NA
ASV_1006,k__Fungi,p__Glomeromycota,NA,NA,NA,NA,NA
ASV_1954,k__Fungi,p__Glomeromycota,NA,NA,NA,NA,NA
ASV_1247,k__Fungi,p__Glomeromycota,NA,NA,NA,NA,NA
ASV_844,k__Fungi,p__Glomeromycota,NA,NA,NA,NA,NA
ASV_472,k__Fungi,p__Glomeromycota,NA,NA,NA,NA,NA
ASV_2170,k__Fungi,p__Glomeromycota,NA,NA,NA,NA,NA
ASV_623,k__Fungi,p__Glomeromycota,NA,NA,NA,NA,NA
ASV_3496,k__Fungi,p__Glomeromycota,NA,NA,NA,NA,NA
ASV_3443,k__Fungi,p__Glomeromycota,NA,NA,NA,NA,NA
ASV_3320,k__Fungi,p__Glomeromycota,NA,NA,NA,NA,NA
ASV_2380,k__Fungi,p__Glomeromycota,NA,NA,NA,NA,NA
ASV_2713,k__Fungi,p__Glomeromycota,c__Archaeosporomycetes,o__Archaeosporales,NA,NA,NA
ASV_2744,k__Fungi,p__Glomeromycota,c__Archaeosporomycetes,o__Archaeosporales,NA,NA,NA
ASV_1797,k__Fungi,p__Glomeromycota,c__Archaeosporomycetes,o__Archaeosporales,NA,NA,NA
ASV_2412,k__Fungi,p__Glomeromycota,c__Archaeosporomycetes,o__Archaeosporales,NA,NA,NA
ASV_1266,k__Fungi,p__Glomeromycota,c__Archaeosporomycetes,o__Archaeosporales,NA,NA,NA
ASV_1010,k__Fungi,p__Glomeromycota,c__Archaeosporomycetes,o__Archaeosporales,NA,NA,NA
ASV_1679,k__Fungi,p__Glomeromycota,c__Archaeosporomycetes,o__Archaeosporales,NA,NA,NA
ASV_1376,k__Fungi,p__Glomeromycota,c__Archaeosporomycetes,o__Archaeosporales,NA,NA,NA
ASV_3332,k__Fungi,p__Glomeromycota,c__Archaeosporomycetes,o__Archaeosporales,NA,NA,NA
ASV_1646,k__Fungi,p__Glomeromycota,c__Archaeosporomycetes,o__Archaeosporales,NA,NA,NA
ASV_2258,k__Fungi,p__Glomeromycota,c__Archaeosporomycetes,o__Archaeosporales,NA,NA,NA
ASV_3263,k__Fungi,p__Glomeromycota,c__Archaeosporomycetes,o__Archaeosporales,NA,NA,NA
ASV_2084,k__Fungi,p__Glomeromycota,c__Paraglomeromycetes,NA,NA,NA,NA
ASV_218,k__Fungi,p__Glomeromycota,c__Paraglomeromycetes,o__GS24,NA,NA,NA
ASV_615,k__Fungi,p__Glomeromycota,c__Paraglomeromycetes,o__GS24,NA,NA,NA
ASV_264,k__Fungi,p__Glomeromycota,c__Paraglomeromycetes,o__GS24,NA,NA,NA
ASV_2925,k__Fungi,p__Glomeromycota,c__Paraglomeromycetes,o__Paraglomerales,f__Paraglomeraceae,g__Paraglomus,s__brasilianum
ASV_2928,k__Fungi,p__Glomeromycota,c__Paraglomeromycetes,o__Paraglomerales,f__Paraglomeraceae,g__Paraglomus,s__brasilianum
ASV_1500,k__Fungi,p__Glomeromycota,c__Paraglomeromycetes,o__Paraglomerales,f__Paraglomeraceae,g__Paraglomus,s__occultum
ASV_1756,k__Fungi,p__Glomeromycota,c__Paraglomeromycetes,o__Paraglomerales,f__Paraglomeraceae,g__Paraglomus,s__occultum
ASV_1059,k__Fungi,p__Glomeromycota,c__Paraglomeromycetes,o__Paraglomerales,f__Paraglomeraceae,g__Paraglomus,s__occultum
ASV_1255,k__Fungi,p__Glomeromycota,c__Paraglomeromycetes,o__Paraglomerales,f__Paraglomeraceae,g__Paraglomus,NA
ASV_1162,k__Fungi,p__Glomeromycota,c__Paraglomeromycetes,o__Paraglomerales,f__Paraglomeraceae,g__Paraglomus,NA
ASV_3066,k__Fungi,p__Glomeromycota,c__Paraglomeromycetes,o__Paraglomerales,f__Paraglomeraceae,g__Paraglomus,NA
ASV_2912,k__Fungi,p__Glomeromycota,c__Paraglomeromycetes,o__Paraglomerales,f__Paraglomeraceae,g__Paraglomus,NA
ASV_317,k__Fungi,p__Glomeromycota,c__Paraglomeromycetes,o__Paraglomerales,f__Paraglomeraceae,g__Paraglomus,NA
ASV_1240,k__Fungi,p__Glomeromycota,c__Paraglomeromycetes,o__Paraglomerales,NA,NA,NA
ASV_905,k__Fungi,p__Glomeromycota,c__Paraglomeromycetes,o__Paraglomerales,NA,NA,NA
ASV_1074,k__Fungi,p__Mortierellomycota,NA,NA,NA,NA,NA
ASV_3815,k__Fungi,p__Mortierellomycota,c__Mortierellomycetes,o__Mortierellales,NA,NA,NA
ASV_901,k__Fungi,p__Mortierellomycota,c__Mortierellomycetes,o__Mortierellales,f__Mortierellaceae,g__Mortierella,s__angusta
ASV_1124,k__Fungi,p__Mortierellomycota,c__Mortierellomycetes,o__Mortierellales,f__Mortierellaceae,g__Mortierella,NA
ASV_1553,k__Fungi,p__Mortierellomycota,c__Mortierellomycetes,o__Mortierellales,f__Mortierellaceae,g__Mortierella,NA
ASV_1013,k__Fungi,p__Mortierellomycota,c__Mortierellomycetes,o__Mortierellales,f__Mortierellaceae,g__Mortierella,NA
ASV_2528,k__Fungi,p__Mortierellomycota,c__Mortierellomycetes,o__Mortierellales,f__Mortierellaceae,g__Mortierella,NA
ASV_2344,k__Fungi,p__Mortierellomycota,c__Mortierellomycetes,o__Mortierellales,f__Mortierellaceae,g__Mortierella,NA
ASV_447,k__Fungi,p__Mortierellomycota,c__Mortierellomycetes,o__Mortierellales,f__Mortierellaceae,g__Mortierella,NA
ASV_3360,k__Fungi,p__Mortierellomycota,c__Mortierellomycetes,o__Mortierellales,f__Mortierellaceae,g__Mortierella,NA
ASV_1895,k__Fungi,p__Mortierellomycota,c__Mortierellomycetes,o__Mortierellales,f__Mortierellaceae,g__Mortierella,NA
ASV_2848,k__Fungi,p__Mortierellomycota,c__Mortierellomycetes,o__Mortierellales,f__Mortierellaceae,g__Mortierella,NA
ASV_385,k__Fungi,p__Mortierellomycota,c__Mortierellomycetes,o__Mortierellales,f__Mortierellaceae,g__Mortierella,NA
ASV_370,k__Fungi,p__Mortierellomycota,c__Mortierellomycetes,o__Mortierellales,f__Mortierellaceae,g__Mortierella,NA
ASV_685,k__Fungi,p__Mortierellomycota,c__Mortierellomycetes,o__Mortierellales,f__Mortierellaceae,g__Mortierella,NA
ASV_350,k__Fungi,p__Mortierellomycota,c__Mortierellomycetes,o__Mortierellales,f__Mortierellaceae,g__Mortierella,s__elongata
ASV_28,k__Fungi,p__Mortierellomycota,c__Mortierellomycetes,o__Mortierellales,f__Mortierellaceae,g__Mortierella,s__elongata
ASV_355,k__Fungi,p__Mortierellomycota,c__Mortierellomycetes,o__Mortierellales,f__Mortierellaceae,g__Mortierella,s__elongata
ASV_156,k__Fungi,p__Mortierellomycota,c__Mortierellomycetes,o__Mortierellales,f__Mortierellaceae,g__Mortierella,s__elongata
ASV_678,k__Fungi,p__Mortierellomycota,c__Mortierellomycetes,o__Mortierellales,f__Mortierellaceae,g__Mortierella,s__elongata
ASV_1284,k__Fungi,p__Mortierellomycota,c__Mortierellomycetes,o__Mortierellales,f__Mortierellaceae,g__Mortierella,s__elongata
ASV_359,k__Fungi,p__Mortierellomycota,c__Mortierellomycetes,o__Mortierellales,f__Mortierellaceae,g__Mortierella,s__elongata
ASV_205,k__Fungi,p__Mortierellomycota,c__Mortierellomycetes,o__Mortierellales,f__Mortierellaceae,g__Mortierella,s__alpina
ASV_684,k__Fungi,p__Mortierellomycota,c__Mortierellomycetes,o__Mortierellales,f__Mortierellaceae,g__Mortierella,s__alpina
ASV_220,k__Fungi,p__Mortierellomycota,c__Mortierellomycetes,o__Mortierellales,f__Mortierellaceae,g__Mortierella,s__alpina
ASV_108,k__Fungi,p__Mortierellomycota,c__Mortierellomycetes,o__Mortierellales,f__Mortierellaceae,g__Mortierella,s__exigua